[0.003s][warning][cds] Archived non-system classes are disabled because the java.system.class.loader property is specified (value = "com.intellij.util.lang.PathClassLoader"). To use archived non-system classes, this property must not be set
2025-04-29 18:57:03,484 [   2454]   WARN - #c.i.i.u.UIThemeBean - Do not set theme id in JSON (value=4b6007f7-b596-4ee2-96f9-968d3d3eb392)
2025-04-29 18:57:03,580 [   2550]   WARN - #com.github.shubham076.themes.listeners.MyApplicationActivationListener - Don't forget to remove all non-needed sample code files with their corresponding registration entries in `plugin.xml`.
2025-04-29 18:57:04,824 [   3794]   WARN - #com.github.shubham076.themes.toolWindow.MyToolWindowFactory - Don't forget to remove all non-needed sample code files with their corresponding registration entries in `plugin.xml`.
2025-04-29 18:57:05,709 [   4679]   WARN - #c.i.s.c.i.StationSocketConnectionLoop - Discovery connection failed with NoSuchFileException (/run/user/1000/jb.station.sock)
2025-04-29 18:57:06,253 [   5223]   WARN - #c.i.i.SystemHealthMonitor - issue detected: ide.script.launcher.used (ignored)
2025-04-29 18:57:06,447 [   5417]   WARN - #c.i.m.l.c.q.QuotaManager2 - Quota refill state was updated by another thread, wanted to update to Error(exception=java.lang.IllegalStateException: Returned result does not match the condition, previous=null)
Initialize logger: level=10 file='/home/cool29/jcef_3376766.log'
2025-04-29 18:57:12,935 [  11905]   WARN - #c.i.u.i.p.ProjectIndexableFilesFilterHealthCheck - Following files are indexable but they were NOT found in filter. Errors count: 1. Examples:
file id=38479 path=/home/cool29/cool29data/dev_web_pets/TEST_PROJECTS/test_mebot24_2/.idea/.gitignore
2025-04-29 18:57:40,262 [  39232]   WARN - #c.i.c.ComponentStoreImpl - Scheme file "Project_Default.xml" is not loaded because defines duplicated name "Project Default"
2025-04-29 18:58:06,979 [  65949]   WARN - #com.github.shubham076.themes.listeners.MyApplicationActivationListener - Don't forget to remove all non-needed sample code files with their corresponding registration entries in `plugin.xml`.
2025-04-29 18:58:12,119 [  71089]   WARN - #c.i.l.j.s.JSLanguageServiceQueue - Error processing request. No Project.
Error: No Project.
    at Object.ThrowNoProject (/home/cool29/cool29data/dev_web_pets/TEST_PROJECTS/test_mebot24/node_modules/typescript/lib/tsserver.js:177487:11)
    at _ProjectService.doEnsureDefaultProjectForFile (/home/cool29/cool29data/dev_web_pets/TEST_PROJECTS/test_mebot24/node_modules/typescript/lib/tsserver.js:181597:189)
    at _ProjectService.ensureDefaultProjectForFile (/home/cool29/cool29data/dev_web_pets/TEST_PROJECTS/test_mebot24/node_modules/typescript/lib/tsserver.js:181592:75)
    at IOSession.getFileAndProjectWorker (/home/cool29/cool29data/dev_web_pets/TEST_PROJECTS/test_mebot24/node_modules/typescript/lib/tsserver.js:186627:77)
    at IOSession.getFileAndProject (/home/cool29/cool29data/dev_web_pets/TEST_PROJECTS/test_mebot24/node_modules/typescript/lib/tsserver.js:186613:17)
    at IOSession.provideInlayHints (/home/cool29/cool29data/dev_web_pets/TEST_PROJECTS/test_mebot24/node_modules/typescript/lib/tsserver.js:186387:36)
    at provideInlayHints (/home/cool29/cool29data/dev_web_pets/TEST_PROJECTS/test_mebot24/node_modules/typescript/lib/tsserver.js:185544:43)
    at /home/cool29/cool29data/dev_web_pets/TEST_PROJECTS/test_mebot24/node_modules/typescript/lib/tsserver.js:187569:69
    at IOSession.executeWithRequestId (/home/cool29/cool29data/dev_web_pets/TEST_PROJECTS/test_mebot24/node_modules/typescript/lib/tsserver.js:187561:14)
    at IOSession.executeCommand (/home/cool29/cool29data/dev_web_pets/TEST_PROJECTS/test_mebot24/node_modules/typescript/lib/tsserver.js:187569:29)
    at IOSession.onMessage (/home/cool29/cool29data/dev_web_pets/TEST_PROJECTS/test_mebot24/node_modules/typescript/lib/tsserver.js:187611:51)
    at Interface.<anonymous> (/home/cool29/cool29data/dev_web_pets/TEST_PROJECTS/test_mebot24/node_modules/typescript/lib/tsserver.js:189196:14)
    at Interface.emit (node:events:524:28)
    at [_onLine] [as _onLine] (node:internal/readline/interface:416:12)
    at [_normalWrite] [as _normalWrite] (node:internal/readline/interface:610:22)
    at Socket.ondata (node:internal/readline/interface:243:23)
    at Socket.emit (node:events:536:35)
    at addChunk (node:internal/streams/readable:561:12)
    at readableAddChunkPushByteMode (node:internal/streams/readable:512:3)
    at Readable.push (node:internal/streams/readable:392:5)
    at Pipe.onStreamRead (node:internal/stream_base_commons:191:23)
2025-04-29 18:58:30,076 [  89046]   WARN - #com.github.shubham076.themes.listeners.MyApplicationActivationListener - Don't forget to remove all non-needed sample code files with their corresponding registration entries in `plugin.xml`.
2025-04-29 18:58:58,010 [ 116980]   WARN - #com.github.shubham076.themes.listeners.MyApplicationActivationListener - Don't forget to remove all non-needed sample code files with their corresponding registration entries in `plugin.xml`.
2025-04-29 19:44:37,074 [2856044]   WARN - #com.github.shubham076.themes.listeners.MyApplicationActivationListener - Don't forget to remove all non-needed sample code files with their corresponding registration entries in `plugin.xml`.
2025-04-29 19:44:39,187 [2858157]   WARN - #com.github.shubham076.themes.listeners.MyApplicationActivationListener - Don't forget to remove all non-needed sample code files with their corresponding registration entries in `plugin.xml`.
2025-04-29 19:44:41,020 [2859990]   WARN - #com.github.shubham076.themes.listeners.MyApplicationActivationListener - Don't forget to remove all non-needed sample code files with their corresponding registration entries in `plugin.xml`.
2025-04-29 19:45:06,127 [2885097]   WARN - #com.github.shubham076.themes.listeners.MyApplicationActivationListener - Don't forget to remove all non-needed sample code files with their corresponding registration entries in `plugin.xml`.
2025-04-29 19:45:07,482 [2886452]   WARN - #com.github.shubham076.themes.listeners.MyApplicationActivationListener - Don't forget to remove all non-needed sample code files with their corresponding registration entries in `plugin.xml`.
2025-04-29 19:46:37,788 [2976758]   WARN - #com.github.shubham076.themes.listeners.MyApplicationActivationListener - Don't forget to remove all non-needed sample code files with their corresponding registration entries in `plugin.xml`.
2025-04-29 19:46:40,971 [2979941]   WARN - #com.github.shubham076.themes.listeners.MyApplicationActivationListener - Don't forget to remove all non-needed sample code files with their corresponding registration entries in `plugin.xml`.
2025-04-29 19:46:48,161 [2987131]   WARN - #com.github.shubham076.themes.listeners.MyApplicationActivationListener - Don't forget to remove all non-needed sample code files with their corresponding registration entries in `plugin.xml`.
2025-04-29 19:46:52,256 [2991226]   WARN - #com.github.shubham076.themes.listeners.MyApplicationActivationListener - Don't forget to remove all non-needed sample code files with their corresponding registration entries in `plugin.xml`.
2025-04-29 19:46:52,806 [2991776]   WARN - #com.github.shubham076.themes.listeners.MyApplicationActivationListener - Don't forget to remove all non-needed sample code files with their corresponding registration entries in `plugin.xml`.
2025-04-29 19:46:54,410 [2993380]   WARN - #com.github.shubham076.themes.listeners.MyApplicationActivationListener - Don't forget to remove all non-needed sample code files with their corresponding registration entries in `plugin.xml`.
2025-04-29 19:47:25,957 [3024927]   WARN - #com.github.shubham076.themes.listeners.MyApplicationActivationListener - Don't forget to remove all non-needed sample code files with their corresponding registration entries in `plugin.xml`.
2025-04-29 19:47:26,853 [3025823]   WARN - #com.github.shubham076.themes.listeners.MyApplicationActivationListener - Don't forget to remove all non-needed sample code files with their corresponding registration entries in `plugin.xml`.
2025-04-29 19:47:27,731 [3026701]   WARN - #com.github.shubham076.themes.listeners.MyApplicationActivationListener - Don't forget to remove all non-needed sample code files with their corresponding registration entries in `plugin.xml`.
2025-04-29 19:47:28,440 [3027410]   WARN - #com.github.shubham076.themes.listeners.MyApplicationActivationListener - Don't forget to remove all non-needed sample code files with their corresponding registration entries in `plugin.xml`.
2025-04-29 19:47:29,353 [3028323]   WARN - #com.github.shubham076.themes.listeners.MyApplicationActivationListener - Don't forget to remove all non-needed sample code files with their corresponding registration entries in `plugin.xml`.
2025-04-29 19:47:30,123 [3029093]   WARN - #com.github.shubham076.themes.listeners.MyApplicationActivationListener - Don't forget to remove all non-needed sample code files with their corresponding registration entries in `plugin.xml`.
2025-04-29 19:47:31,036 [3030006]   WARN - #com.github.shubham076.themes.listeners.MyApplicationActivationListener - Don't forget to remove all non-needed sample code files with their corresponding registration entries in `plugin.xml`.
2025-04-29 19:47:32,083 [3031053]   WARN - #com.github.shubham076.themes.listeners.MyApplicationActivationListener - Don't forget to remove all non-needed sample code files with their corresponding registration entries in `plugin.xml`.
2025-04-29 19:47:33,604 [3032574]   WARN - #com.github.shubham076.themes.listeners.MyApplicationActivationListener - Don't forget to remove all non-needed sample code files with their corresponding registration entries in `plugin.xml`.
2025-04-29 19:50:07,824 [3186794]   WARN - #com.github.shubham076.themes.listeners.MyApplicationActivationListener - Don't forget to remove all non-needed sample code files with their corresponding registration entries in `plugin.xml`.
2025-04-29 19:50:09,108 [3188078]   WARN - #com.github.shubham076.themes.listeners.MyApplicationActivationListener - Don't forget to remove all non-needed sample code files with their corresponding registration entries in `plugin.xml`.
2025-04-29 19:50:53,377 [3232347]   WARN - #com.github.shubham076.themes.listeners.MyApplicationActivationListener - Don't forget to remove all non-needed sample code files with their corresponding registration entries in `plugin.xml`.
2025-04-29 19:50:55,958 [3234928]   WARN - #com.github.shubham076.themes.listeners.MyApplicationActivationListener - Don't forget to remove all non-needed sample code files with their corresponding registration entries in `plugin.xml`.
2025-04-29 19:50:59,569 [3238539]   WARN - #com.github.shubham076.themes.listeners.MyApplicationActivationListener - Don't forget to remove all non-needed sample code files with their corresponding registration entries in `plugin.xml`.
2025-04-29 19:51:15,671 [3254641]   WARN - #com.github.shubham076.themes.listeners.MyApplicationActivationListener - Don't forget to remove all non-needed sample code files with their corresponding registration entries in `plugin.xml`.
2025-04-29 19:51:16,624 [3255594]   WARN - #com.github.shubham076.themes.listeners.MyApplicationActivationListener - Don't forget to remove all non-needed sample code files with their corresponding registration entries in `plugin.xml`.
2025-04-29 19:51:37,753 [3276723]   WARN - #com.github.shubham076.themes.listeners.MyApplicationActivationListener - Don't forget to remove all non-needed sample code files with their corresponding registration entries in `plugin.xml`.
2025-04-29 19:51:55,214 [3294184]   WARN - #com.github.shubham076.themes.listeners.MyApplicationActivationListener - Don't forget to remove all non-needed sample code files with their corresponding registration entries in `plugin.xml`.
2025-04-29 19:52:04,699 [3303669]   WARN - #com.github.shubham076.themes.listeners.MyApplicationActivationListener - Don't forget to remove all non-needed sample code files with their corresponding registration entries in `plugin.xml`.
2025-04-29 19:52:12,486 [3311456]   WARN - org.apache.velocity.deprecation - configuration key 'resource.loader' has been deprecated in favor of 'resource.loaders'
2025-04-29 19:52:12,488 [3311458]   WARN - org.apache.velocity.deprecation - configuration key 'includes.resource.loader.instance' has been deprecated in favor of 'resource.loader.includes.instance'
2025-04-29 19:52:34,746 [3333716]   WARN - #com.github.shubham076.themes.listeners.MyApplicationActivationListener - Don't forget to remove all non-needed sample code files with their corresponding registration entries in `plugin.xml`.
2025-04-29 19:53:07,140 [3366110]   WARN - #com.github.shubham076.themes.listeners.MyApplicationActivationListener - Don't forget to remove all non-needed sample code files with their corresponding registration entries in `plugin.xml`.
2025-04-29 19:53:08,713 [3367683]   WARN - #com.github.shubham076.themes.listeners.MyApplicationActivationListener - Don't forget to remove all non-needed sample code files with their corresponding registration entries in `plugin.xml`.
2025-04-29 19:53:13,279 [3372249]   WARN - #com.github.shubham076.themes.listeners.MyApplicationActivationListener - Don't forget to remove all non-needed sample code files with their corresponding registration entries in `plugin.xml`.
2025-04-29 19:53:26,979 [3385949]   WARN - #com.github.shubham076.themes.listeners.MyApplicationActivationListener - Don't forget to remove all non-needed sample code files with their corresponding registration entries in `plugin.xml`.
2025-04-29 19:53:30,190 [3389160]   WARN - #org.editorconfig.language.schema.parser.EditorConfigJsonSchemaParser - Found illegal descriptor: {}
2025-04-29 19:53:30,190 [3389160]   WARN - #org.editorconfig.language.schema.parser.EditorConfigJsonSchemaParser - Found illegal descriptor: {}
2025-04-29 19:53:30,198 [3389168]   WARN - #org.editorconfig.language.schema.parser.EditorConfigJsonSchemaParser - Found illegal descriptor: {}
2025-04-29 19:53:30,201 [3389171]   WARN - #org.editorconfig.language.schema.parser.EditorConfigJsonSchemaParser - Found illegal descriptor: {}
2025-04-29 19:53:30,207 [3389177]   WARN - #org.editorconfig.language.schema.parser.EditorConfigJsonSchemaParser - Found illegal descriptor: {}
2025-04-29 19:53:30,210 [3389180]   WARN - #org.editorconfig.language.schema.parser.EditorConfigJsonSchemaParser - Found illegal descriptor: {}
2025-04-29 19:53:30,213 [3389183]   WARN - #org.editorconfig.language.schema.parser.EditorConfigJsonSchemaParser - Found illegal descriptor: {}
2025-04-29 19:53:30,213 [3389183]   WARN - #org.editorconfig.language.schema.parser.EditorConfigJsonSchemaParser - Found illegal descriptor: {}
2025-04-29 19:54:06,239 [3425209]   WARN - #com.github.shubham076.themes.listeners.MyApplicationActivationListener - Don't forget to remove all non-needed sample code files with their corresponding registration entries in `plugin.xml`.
2025-04-29 19:54:18,432 [3437402]   WARN - #com.github.shubham076.themes.listeners.MyApplicationActivationListener - Don't forget to remove all non-needed sample code files with their corresponding registration entries in `plugin.xml`.
2025-04-29 19:54:23,114 [3442084]   WARN - #com.github.shubham076.themes.listeners.MyApplicationActivationListener - Don't forget to remove all non-needed sample code files with their corresponding registration entries in `plugin.xml`.
2025-04-29 19:54:43,988 [3462958]   WARN - #com.github.shubham076.themes.listeners.MyApplicationActivationListener - Don't forget to remove all non-needed sample code files with their corresponding registration entries in `plugin.xml`.
2025-04-29 19:54:54,677 [3473647]   WARN - #com.github.shubham076.themes.listeners.MyApplicationActivationListener - Don't forget to remove all non-needed sample code files with their corresponding registration entries in `plugin.xml`.
2025-04-29 19:55:04,050 [3483020]   WARN - #com.github.shubham076.themes.listeners.MyApplicationActivationListener - Don't forget to remove all non-needed sample code files with their corresponding registration entries in `plugin.xml`.
2025-04-29 19:55:10,380 [3489350]   WARN - #com.github.shubham076.themes.listeners.MyApplicationActivationListener - Don't forget to remove all non-needed sample code files with their corresponding registration entries in `plugin.xml`.
2025-04-29 19:55:14,905 [3493875]   WARN - #com.github.shubham076.themes.listeners.MyApplicationActivationListener - Don't forget to remove all non-needed sample code files with their corresponding registration entries in `plugin.xml`.
2025-04-29 19:55:16,802 [3495772]   WARN - #com.github.shubham076.themes.listeners.MyApplicationActivationListener - Don't forget to remove all non-needed sample code files with their corresponding registration entries in `plugin.xml`.
2025-04-29 19:55:18,573 [3497543]   WARN - #com.github.shubham076.themes.listeners.MyApplicationActivationListener - Don't forget to remove all non-needed sample code files with their corresponding registration entries in `plugin.xml`.
2025-04-29 19:55:23,628 [3502598]   WARN - #com.github.shubham076.themes.listeners.MyApplicationActivationListener - Don't forget to remove all non-needed sample code files with their corresponding registration entries in `plugin.xml`.
2025-04-29 19:55:29,273 [3508243]   WARN - #com.github.shubham076.themes.listeners.MyApplicationActivationListener - Don't forget to remove all non-needed sample code files with their corresponding registration entries in `plugin.xml`.
2025-04-29 19:55:32,968 [3511938]   WARN - #com.github.shubham076.themes.listeners.MyApplicationActivationListener - Don't forget to remove all non-needed sample code files with their corresponding registration entries in `plugin.xml`.
2025-04-29 19:55:44,328 [3523298]   WARN - #com.github.shubham076.themes.listeners.MyApplicationActivationListener - Don't forget to remove all non-needed sample code files with their corresponding registration entries in `plugin.xml`.
2025-04-29 19:55:56,352 [3535322]   WARN - #com.github.shubham076.themes.listeners.MyApplicationActivationListener - Don't forget to remove all non-needed sample code files with their corresponding registration entries in `plugin.xml`.
2025-04-29 19:55:59,342 [3538312]   WARN - #com.github.shubham076.themes.listeners.MyApplicationActivationListener - Don't forget to remove all non-needed sample code files with their corresponding registration entries in `plugin.xml`.
2025-04-29 19:56:01,187 [3540157]   WARN - #com.github.shubham076.themes.listeners.MyApplicationActivationListener - Don't forget to remove all non-needed sample code files with their corresponding registration entries in `plugin.xml`.
2025-04-29 19:56:02,804 [3541774]   WARN - #com.github.shubham076.themes.listeners.MyApplicationActivationListener - Don't forget to remove all non-needed sample code files with their corresponding registration entries in `plugin.xml`.
2025-04-29 19:56:04,195 [3543165]   WARN - #com.github.shubham076.themes.listeners.MyApplicationActivationListener - Don't forget to remove all non-needed sample code files with their corresponding registration entries in `plugin.xml`.
2025-04-29 19:56:18,914 [3557884]   WARN - #com.github.shubham076.themes.listeners.MyApplicationActivationListener - Don't forget to remove all non-needed sample code files with their corresponding registration entries in `plugin.xml`.
2025-04-29 19:56:30,014 [3568984]   WARN - #com.github.shubham076.themes.listeners.MyApplicationActivationListener - Don't forget to remove all non-needed sample code files with their corresponding registration entries in `plugin.xml`.
2025-04-29 19:57:17,065 [3616035]   WARN - #com.github.shubham076.themes.listeners.MyApplicationActivationListener - Don't forget to remove all non-needed sample code files with their corresponding registration entries in `plugin.xml`.
2025-04-29 19:57:19,420 [3618390]   WARN - #com.github.shubham076.themes.listeners.MyApplicationActivationListener - Don't forget to remove all non-needed sample code files with their corresponding registration entries in `plugin.xml`.
2025-04-29 19:57:39,290 [3638260]   WARN - #com.github.shubham076.themes.listeners.MyApplicationActivationListener - Don't forget to remove all non-needed sample code files with their corresponding registration entries in `plugin.xml`.
2025-04-29 19:57:40,743 [3639713]   WARN - #com.github.shubham076.themes.listeners.MyApplicationActivationListener - Don't forget to remove all non-needed sample code files with their corresponding registration entries in `plugin.xml`.
2025-04-29 19:58:23,012 [3681982]   WARN - #com.github.shubham076.themes.listeners.MyApplicationActivationListener - Don't forget to remove all non-needed sample code files with their corresponding registration entries in `plugin.xml`.
2025-04-29 19:58:25,173 [3684143]   WARN - #com.github.shubham076.themes.listeners.MyApplicationActivationListener - Don't forget to remove all non-needed sample code files with their corresponding registration entries in `plugin.xml`.
2025-04-29 19:58:29,918 [3688888]   WARN - #com.github.shubham076.themes.listeners.MyApplicationActivationListener - Don't forget to remove all non-needed sample code files with their corresponding registration entries in `plugin.xml`.
2025-04-29 20:00:16,083 [3795053]   WARN - #com.github.shubham076.themes.listeners.MyApplicationActivationListener - Don't forget to remove all non-needed sample code files with their corresponding registration entries in `plugin.xml`.
2025-04-29 20:00:18,400 [3797370]   WARN - #com.github.shubham076.themes.listeners.MyApplicationActivationListener - Don't forget to remove all non-needed sample code files with their corresponding registration entries in `plugin.xml`.
2025-04-29 20:01:05,494 [3844464]   WARN - #com.github.shubham076.themes.listeners.MyApplicationActivationListener - Don't forget to remove all non-needed sample code files with their corresponding registration entries in `plugin.xml`.
2025-04-29 20:01:20,316 [3859286]   WARN - #com.github.shubham076.themes.listeners.MyApplicationActivationListener - Don't forget to remove all non-needed sample code files with their corresponding registration entries in `plugin.xml`.
2025-04-29 20:02:13,632 [3912602]   WARN - #com.github.shubham076.themes.listeners.MyApplicationActivationListener - Don't forget to remove all non-needed sample code files with their corresponding registration entries in `plugin.xml`.
2025-04-29 20:04:17,265 [4036235]   WARN - #com.github.shubham076.themes.listeners.MyApplicationActivationListener - Don't forget to remove all non-needed sample code files with their corresponding registration entries in `plugin.xml`.
2025-04-29 20:04:26,088 [4045058]   WARN - #com.github.shubham076.themes.listeners.MyApplicationActivationListener - Don't forget to remove all non-needed sample code files with their corresponding registration entries in `plugin.xml`.
2025-04-29 20:04:27,744 [4046714]   WARN - #com.github.shubham076.themes.listeners.MyApplicationActivationListener - Don't forget to remove all non-needed sample code files with their corresponding registration entries in `plugin.xml`.
2025-04-29 20:04:55,738 [4074708]   WARN - #com.github.shubham076.themes.listeners.MyApplicationActivationListener - Don't forget to remove all non-needed sample code files with their corresponding registration entries in `plugin.xml`.
2025-04-29 20:05:29,339 [4108309]   WARN - #com.github.shubham076.themes.listeners.MyApplicationActivationListener - Don't forget to remove all non-needed sample code files with their corresponding registration entries in `plugin.xml`.
2025-04-29 20:05:33,313 [4112283]   WARN - #com.github.shubham076.themes.listeners.MyApplicationActivationListener - Don't forget to remove all non-needed sample code files with their corresponding registration entries in `plugin.xml`.
2025-04-29 20:06:20,990 [4159960]   WARN - #com.github.shubham076.themes.listeners.MyApplicationActivationListener - Don't forget to remove all non-needed sample code files with their corresponding registration entries in `plugin.xml`.
2025-04-29 20:06:54,768 [4193738]   WARN - #com.github.shubham076.themes.listeners.MyApplicationActivationListener - Don't forget to remove all non-needed sample code files with their corresponding registration entries in `plugin.xml`.
2025-04-29 20:07:11,650 [4210620]   WARN - #com.github.shubham076.themes.listeners.MyApplicationActivationListener - Don't forget to remove all non-needed sample code files with their corresponding registration entries in `plugin.xml`.
2025-04-29 20:07:38,458 [4237428]   WARN - #com.github.shubham076.themes.listeners.MyApplicationActivationListener - Don't forget to remove all non-needed sample code files with their corresponding registration entries in `plugin.xml`.
2025-04-29 20:07:52,371 [4251341]   WARN - #com.github.shubham076.themes.listeners.MyApplicationActivationListener - Don't forget to remove all non-needed sample code files with their corresponding registration entries in `plugin.xml`.
2025-04-29 20:08:15,830 [4274800]   WARN - #com.github.shubham076.themes.listeners.MyApplicationActivationListener - Don't forget to remove all non-needed sample code files with their corresponding registration entries in `plugin.xml`.
2025-04-29 20:08:25,478 [4284448]   WARN - #com.github.shubham076.themes.listeners.MyApplicationActivationListener - Don't forget to remove all non-needed sample code files with their corresponding registration entries in `plugin.xml`.
2025-04-29 20:08:49,532 [4308502]   WARN - #com.github.shubham076.themes.listeners.MyApplicationActivationListener - Don't forget to remove all non-needed sample code files with their corresponding registration entries in `plugin.xml`.
2025-04-29 20:09:41,496 [4360466]   WARN - #com.github.shubham076.themes.listeners.MyApplicationActivationListener - Don't forget to remove all non-needed sample code files with their corresponding registration entries in `plugin.xml`.
2025-04-29 20:09:49,783 [4368753]   WARN - #com.github.shubham076.themes.listeners.MyApplicationActivationListener - Don't forget to remove all non-needed sample code files with their corresponding registration entries in `plugin.xml`.
2025-04-29 20:10:03,518 [4382488]   WARN - #com.github.shubham076.themes.listeners.MyApplicationActivationListener - Don't forget to remove all non-needed sample code files with their corresponding registration entries in `plugin.xml`.
2025-04-29 20:10:06,623 [4385593]   WARN - #com.github.shubham076.themes.listeners.MyApplicationActivationListener - Don't forget to remove all non-needed sample code files with their corresponding registration entries in `plugin.xml`.
2025-04-29 20:10:23,040 [4402010]   WARN - #com.github.shubham076.themes.listeners.MyApplicationActivationListener - Don't forget to remove all non-needed sample code files with their corresponding registration entries in `plugin.xml`.
2025-04-29 20:10:47,620 [4426590] SEVERE - #c.i.l.j.s.JSLanguageServiceQueue - Language server commands should be launched within a cancellable read action or within a coroutine.
java.lang.IllegalStateException: Language server commands should be launched within a cancellable read action or within a coroutine.
	at com.intellij.lang.javascript.service.JSLanguageServiceQueueImpl$NonCancellableThreadCompatibilityService.runInCompatibilityMode(JSLanguageServiceQueueImpl.kt:574)
	at com.intellij.lang.javascript.service.JSLanguageServiceQueueImpl.executeBlocking(JSLanguageServiceQueueImpl.kt:336)
	at com.intellij.lang.javascript.service.JSLanguageServiceQueueImpl.execute(JSLanguageServiceQueueImpl.kt:232)
	at com.intellij.lang.javascript.service.JSLanguageServiceBase.sendCommand(JSLanguageServiceBase.kt:243)
	at com.intellij.lang.javascript.service.JSLanguageServiceFileCommandCache.calculateWithCache(JSLanguageServiceFileCommandCache.kt:51)
	at com.intellij.lang.typescript.compiler.languageService.codeFixes.TypeScriptLanguageServiceFixSet.calcAndUpdateState(TypeScriptLanguageServiceFixSet.java:102)
	at com.intellij.lang.typescript.compiler.languageService.codeFixes.TypeScriptLanguageServiceFixSet.refresh(TypeScriptLanguageServiceFixSet.java:88)
	at com.intellij.lang.typescript.compiler.languageService.codeFixes.TypeScriptLanguageServiceFixSet.lambda$new$1(TypeScriptLanguageServiceFixSet.java:61)
	at com.intellij.lang.typescript.compiler.languageService.codeFixes.TypeScriptLanguageServiceFix.getText(TypeScriptLanguageServiceFix.java:108)
	at com.intellij.lang.typescript.compiler.languageService.codeFixes.TypeScriptLanguageServiceFix.getFamilyName(TypeScriptLanguageServiceFix.java:117)
	at com.intellij.codeInsight.intention.impl.IntentionActionWithTextCaching$MyIntentionAction.getFamilyName(IntentionActionWithTextCaching.java:234)
	at com.intellij.codeInsight.intention.impl.config.IntentionManagerSettings.isShowLightBulb(IntentionManagerSettings.kt:40)
	at com.intellij.codeInsight.intention.impl.CachedIntentions.lambda$showBulb$5(CachedIntentions.java:412)
	at com.intellij.util.containers.ContainerUtil.exists(ContainerUtil.java:2295)
	at com.intellij.codeInsight.intention.impl.CachedIntentions.showBulb(CachedIntentions.java:412)
	at com.intellij.codeInsight.daemon.impl.IntentionsUIImpl.update(IntentionsUIImpl.java:59)
	at com.intellij.codeInsight.daemon.impl.ShowIntentionsPass.doApplyInformationToEditor(ShowIntentionsPass.java:264)
	at com.intellij.codeHighlighting.TextEditorHighlightingPass.applyInformationToEditor(TextEditorHighlightingPass.java:120)
	at com.intellij.codeInsight.daemon.impl.PassExecutorService.lambda$applyInformationToEditorsLater$3(PassExecutorService.java:524)
	at com.intellij.openapi.application.TransactionGuardImpl.runWithWritingAllowed(TransactionGuardImpl.java:240)
	at com.intellij.openapi.application.TransactionGuardImpl.access$100(TransactionGuardImpl.java:25)
	at com.intellij.openapi.application.TransactionGuardImpl$1.run(TransactionGuardImpl.java:202)
	at com.intellij.openapi.application.impl.AnyThreadWriteThreadingSupport.runIntendedWriteActionOnCurrentThread$lambda$7(AnyThreadWriteThreadingSupport.kt:319)
	at com.intellij.openapi.application.impl.AnyThreadWriteThreadingSupport.runWriteIntentReadAction$lambda$6(AnyThreadWriteThreadingSupport.kt:274)
	at com.intellij.openapi.application.impl.AnyThreadWriteThreadingSupport.runWithTemporaryThreadLocal(AnyThreadWriteThreadingSupport.kt:204)
	at com.intellij.openapi.application.impl.AnyThreadWriteThreadingSupport.runWriteIntentReadAction(AnyThreadWriteThreadingSupport.kt:274)
	at com.intellij.openapi.application.impl.AnyThreadWriteThreadingSupport.runWriteIntentReadAction(AnyThreadWriteThreadingSupport.kt:222)
	at com.intellij.openapi.application.impl.AnyThreadWriteThreadingSupport.runIntendedWriteActionOnCurrentThread(AnyThreadWriteThreadingSupport.kt:318)
	at com.intellij.openapi.application.impl.ApplicationImpl.runIntendedWriteActionOnCurrentThread(ApplicationImpl.java:928)
	at com.intellij.openapi.application.impl.ApplicationImpl$4.run(ApplicationImpl.java:501)
	at com.intellij.util.concurrency.ChildContext$runInChildContext$1.invoke(propagation.kt:102)
	at com.intellij.util.concurrency.ChildContext$runInChildContext$1.invoke(propagation.kt:102)
	at com.intellij.util.concurrency.ChildContext.runInChildContext(propagation.kt:108)
	at com.intellij.util.concurrency.ChildContext.runInChildContext(propagation.kt:102)
	at com.intellij.util.concurrency.ContextRunnable.run(ContextRunnable.java:27)
	at com.intellij.openapi.application.impl.FlushQueue.runNextEvent(FlushQueue.java:117)
	at com.intellij.openapi.application.impl.FlushQueue.flushNow(FlushQueue.java:43)
	at java.desktop/java.awt.event.InvocationEvent.dispatch(InvocationEvent.java:318)
	at java.desktop/java.awt.EventQueue.dispatchEventImpl(EventQueue.java:781)
	at java.desktop/java.awt.EventQueue$4.run(EventQueue.java:728)
	at java.desktop/java.awt.EventQueue$4.run(EventQueue.java:722)
	at java.base/java.security.AccessController.doPrivileged(AccessController.java:400)
	at java.base/java.security.ProtectionDomain$JavaSecurityAccessImpl.doIntersectionPrivilege(ProtectionDomain.java:87)
	at java.desktop/java.awt.EventQueue.dispatchEvent(EventQueue.java:750)
	at com.intellij.ide.IdeEventQueue.defaultDispatchEvent(IdeEventQueue.kt:585)
	at com.intellij.ide.IdeEventQueue._dispatchEvent(IdeEventQueue.kt:482)
	at com.intellij.ide.IdeEventQueue.dispatchEvent$lambda$12$lambda$11$lambda$10$lambda$9(IdeEventQueue.kt:307)
	at com.intellij.openapi.progress.impl.CoreProgressManager.computePrioritized(CoreProgressManager.java:864)
	at com.intellij.ide.IdeEventQueue.dispatchEvent$lambda$12$lambda$11$lambda$10(IdeEventQueue.kt:306)
	at com.intellij.ide.IdeEventQueueKt.performActivity$lambda$3(IdeEventQueue.kt:958)
	at com.intellij.openapi.application.TransactionGuardImpl.performActivity(TransactionGuardImpl.java:109)
	at com.intellij.ide.IdeEventQueueKt.performActivity(IdeEventQueue.kt:958)
	at com.intellij.ide.IdeEventQueue.dispatchEvent$lambda$12(IdeEventQueue.kt:301)
	at com.intellij.ide.IdeEventQueue.dispatchEvent(IdeEventQueue.kt:341)
	at java.desktop/java.awt.EventDispatchThread.pumpOneEventForFilters(EventDispatchThread.java:207)
	at java.desktop/java.awt.EventDispatchThread.pumpEventsForFilter(EventDispatchThread.java:128)
	at java.desktop/java.awt.EventDispatchThread.pumpEventsForHierarchy(EventDispatchThread.java:117)
	at java.desktop/java.awt.EventDispatchThread.pumpEvents(EventDispatchThread.java:113)
	at java.desktop/java.awt.EventDispatchThread.pumpEvents(EventDispatchThread.java:105)
	at java.desktop/java.awt.EventDispatchThread.run(EventDispatchThread.java:92)
2025-04-29 20:10:47,629 [4426599] SEVERE - #c.i.l.j.s.JSLanguageServiceQueue - WebStorm 2025.1  Build #WS-251.23774.424
2025-04-29 20:10:47,631 [4426601] SEVERE - #c.i.l.j.s.JSLanguageServiceQueue - JDK: 21.0.6; VM: OpenJDK 64-Bit Server VM; Vendor: JetBrains s.r.o.
2025-04-29 20:10:47,631 [4426601] SEVERE - #c.i.l.j.s.JSLanguageServiceQueue - OS: Linux
2025-04-29 20:10:47,631 [4426601] SEVERE - #c.i.l.j.s.JSLanguageServiceQueue - Last Action: EditorCut
2025-04-29 20:10:52,021 [4430991]   WARN - #com.github.shubham076.themes.listeners.MyApplicationActivationListener - Don't forget to remove all non-needed sample code files with their corresponding registration entries in `plugin.xml`.
2025-04-29 20:10:53,883 [4432853]   WARN - #com.github.shubham076.themes.listeners.MyApplicationActivationListener - Don't forget to remove all non-needed sample code files with their corresponding registration entries in `plugin.xml`.
2025-04-29 20:11:12,937 [4451907]   WARN - #com.github.shubham076.themes.listeners.MyApplicationActivationListener - Don't forget to remove all non-needed sample code files with their corresponding registration entries in `plugin.xml`.
2025-04-29 20:11:24,429 [4463399]   WARN - #com.github.shubham076.themes.listeners.MyApplicationActivationListener - Don't forget to remove all non-needed sample code files with their corresponding registration entries in `plugin.xml`.
2025-04-29 20:11:25,698 [4464668]   WARN - #com.github.shubham076.themes.listeners.MyApplicationActivationListener - Don't forget to remove all non-needed sample code files with their corresponding registration entries in `plugin.xml`.
2025-04-29 20:11:26,602 [4465572]   WARN - #com.github.shubham076.themes.listeners.MyApplicationActivationListener - Don't forget to remove all non-needed sample code files with their corresponding registration entries in `plugin.xml`.
2025-04-29 20:11:28,940 [4467910]   WARN - #com.github.shubham076.themes.listeners.MyApplicationActivationListener - Don't forget to remove all non-needed sample code files with their corresponding registration entries in `plugin.xml`.
2025-04-29 20:11:30,839 [4469809]   WARN - #com.github.shubham076.themes.listeners.MyApplicationActivationListener - Don't forget to remove all non-needed sample code files with their corresponding registration entries in `plugin.xml`.
2025-04-29 20:11:32,934 [4471904]   WARN - #com.github.shubham076.themes.listeners.MyApplicationActivationListener - Don't forget to remove all non-needed sample code files with their corresponding registration entries in `plugin.xml`.
2025-04-29 20:12:04,070 [4503040]   WARN - #com.github.shubham076.themes.listeners.MyApplicationActivationListener - Don't forget to remove all non-needed sample code files with their corresponding registration entries in `plugin.xml`.
2025-04-29 20:12:22,216 [4521186]   WARN - #com.github.shubham076.themes.listeners.MyApplicationActivationListener - Don't forget to remove all non-needed sample code files with their corresponding registration entries in `plugin.xml`.
2025-04-29 20:13:19,013 [4577983]   WARN - #com.github.shubham076.themes.listeners.MyApplicationActivationListener - Don't forget to remove all non-needed sample code files with their corresponding registration entries in `plugin.xml`.
2025-04-29 20:13:20,494 [4579464]   WARN - #com.github.shubham076.themes.listeners.MyApplicationActivationListener - Don't forget to remove all non-needed sample code files with their corresponding registration entries in `plugin.xml`.
2025-04-29 20:13:23,441 [4582411]   WARN - #com.github.shubham076.themes.listeners.MyApplicationActivationListener - Don't forget to remove all non-needed sample code files with their corresponding registration entries in `plugin.xml`.
2025-04-29 20:14:13,416 [4632386]   WARN - #com.github.shubham076.themes.listeners.MyApplicationActivationListener - Don't forget to remove all non-needed sample code files with their corresponding registration entries in `plugin.xml`.
2025-04-29 20:14:20,845 [4639815]   WARN - #com.github.shubham076.themes.listeners.MyApplicationActivationListener - Don't forget to remove all non-needed sample code files with their corresponding registration entries in `plugin.xml`.
2025-04-29 20:14:28,300 [4647270]   WARN - #com.github.shubham076.themes.listeners.MyApplicationActivationListener - Don't forget to remove all non-needed sample code files with their corresponding registration entries in `plugin.xml`.
2025-04-29 20:14:40,813 [4659783]   WARN - #com.github.shubham076.themes.listeners.MyApplicationActivationListener - Don't forget to remove all non-needed sample code files with their corresponding registration entries in `plugin.xml`.
2025-04-29 20:14:44,603 [4663573]   WARN - #com.github.shubham076.themes.listeners.MyApplicationActivationListener - Don't forget to remove all non-needed sample code files with their corresponding registration entries in `plugin.xml`.
2025-04-29 20:15:30,335 [4709305]   WARN - #com.github.shubham076.themes.listeners.MyApplicationActivationListener - Don't forget to remove all non-needed sample code files with their corresponding registration entries in `plugin.xml`.
2025-04-29 20:15:49,492 [4728462]   WARN - #com.github.shubham076.themes.listeners.MyApplicationActivationListener - Don't forget to remove all non-needed sample code files with their corresponding registration entries in `plugin.xml`.
2025-04-29 20:16:12,519 [4751489]   WARN - #com.github.shubham076.themes.listeners.MyApplicationActivationListener - Don't forget to remove all non-needed sample code files with their corresponding registration entries in `plugin.xml`.
2025-04-29 20:17:07,843 [4806813]   WARN - #com.github.shubham076.themes.listeners.MyApplicationActivationListener - Don't forget to remove all non-needed sample code files with their corresponding registration entries in `plugin.xml`.
2025-04-29 20:17:37,965 [4836935]   WARN - #com.github.shubham076.themes.listeners.MyApplicationActivationListener - Don't forget to remove all non-needed sample code files with their corresponding registration entries in `plugin.xml`.
2025-04-29 20:17:41,632 [4840602]   WARN - #com.github.shubham076.themes.listeners.MyApplicationActivationListener - Don't forget to remove all non-needed sample code files with their corresponding registration entries in `plugin.xml`.
2025-04-29 20:17:53,465 [4852435]   WARN - #com.github.shubham076.themes.listeners.MyApplicationActivationListener - Don't forget to remove all non-needed sample code files with their corresponding registration entries in `plugin.xml`.
2025-04-29 20:18:41,632 [4900602]   WARN - #com.github.shubham076.themes.listeners.MyApplicationActivationListener - Don't forget to remove all non-needed sample code files with their corresponding registration entries in `plugin.xml`.
2025-04-29 20:19:01,935 [4920905]   WARN - #com.github.shubham076.themes.listeners.MyApplicationActivationListener - Don't forget to remove all non-needed sample code files with their corresponding registration entries in `plugin.xml`.
2025-04-29 20:19:13,936 [4932906]   WARN - #com.github.shubham076.themes.listeners.MyApplicationActivationListener - Don't forget to remove all non-needed sample code files with their corresponding registration entries in `plugin.xml`.
2025-04-29 20:19:33,574 [4952544]   WARN - #com.github.shubham076.themes.listeners.MyApplicationActivationListener - Don't forget to remove all non-needed sample code files with their corresponding registration entries in `plugin.xml`.
2025-04-29 20:19:39,605 [4958575]   WARN - #com.github.shubham076.themes.listeners.MyApplicationActivationListener - Don't forget to remove all non-needed sample code files with their corresponding registration entries in `plugin.xml`.
2025-04-29 20:19:54,778 [4973748]   WARN - #com.github.shubham076.themes.listeners.MyApplicationActivationListener - Don't forget to remove all non-needed sample code files with their corresponding registration entries in `plugin.xml`.
2025-04-29 20:21:39,778 [5078748]   WARN - #com.github.shubham076.themes.listeners.MyApplicationActivationListener - Don't forget to remove all non-needed sample code files with their corresponding registration entries in `plugin.xml`.
2025-04-29 20:21:43,611 [5082581]   WARN - #com.github.shubham076.themes.listeners.MyApplicationActivationListener - Don't forget to remove all non-needed sample code files with their corresponding registration entries in `plugin.xml`.
2025-04-29 20:21:48,069 [5087039]   WARN - #com.github.shubham076.themes.listeners.MyApplicationActivationListener - Don't forget to remove all non-needed sample code files with their corresponding registration entries in `plugin.xml`.
2025-04-29 20:21:49,535 [5088505]   WARN - #com.github.shubham076.themes.listeners.MyApplicationActivationListener - Don't forget to remove all non-needed sample code files with their corresponding registration entries in `plugin.xml`.
2025-04-29 20:21:50,550 [5089520]   WARN - #com.github.shubham076.themes.listeners.MyApplicationActivationListener - Don't forget to remove all non-needed sample code files with their corresponding registration entries in `plugin.xml`.
2025-04-29 20:21:56,130 [5095100]   WARN - #com.github.shubham076.themes.listeners.MyApplicationActivationListener - Don't forget to remove all non-needed sample code files with their corresponding registration entries in `plugin.xml`.
2025-04-29 20:22:16,407 [5115377]   WARN - #c.i.l.e.p.i.ES6ImportPsiUtil - Import specifier with name 'CallType' already exists
2025-04-29 20:22:20,080 [5119050]   WARN - #com.github.shubham076.themes.listeners.MyApplicationActivationListener - Don't forget to remove all non-needed sample code files with their corresponding registration entries in `plugin.xml`.
2025-04-29 20:23:07,848 [5166818]   WARN - #com.github.shubham076.themes.listeners.MyApplicationActivationListener - Don't forget to remove all non-needed sample code files with their corresponding registration entries in `plugin.xml`.
2025-04-29 20:23:45,889 [5204859]   WARN - #com.github.shubham076.themes.listeners.MyApplicationActivationListener - Don't forget to remove all non-needed sample code files with their corresponding registration entries in `plugin.xml`.
2025-04-29 20:23:55,827 [5214797]   WARN - #com.github.shubham076.themes.listeners.MyApplicationActivationListener - Don't forget to remove all non-needed sample code files with their corresponding registration entries in `plugin.xml`.
2025-04-29 20:24:26,106 [5245076]   WARN - #com.github.shubham076.themes.listeners.MyApplicationActivationListener - Don't forget to remove all non-needed sample code files with their corresponding registration entries in `plugin.xml`.
2025-04-29 20:24:50,201 [5269171]   WARN - #com.github.shubham076.themes.listeners.MyApplicationActivationListener - Don't forget to remove all non-needed sample code files with their corresponding registration entries in `plugin.xml`.
2025-04-29 20:25:10,891 [5289861]   WARN - #com.github.shubham076.themes.listeners.MyApplicationActivationListener - Don't forget to remove all non-needed sample code files with their corresponding registration entries in `plugin.xml`.
2025-04-29 20:25:17,897 [5296867]   WARN - #com.github.shubham076.themes.listeners.MyApplicationActivationListener - Don't forget to remove all non-needed sample code files with their corresponding registration entries in `plugin.xml`.
2025-04-29 20:25:36,186 [5315156]   WARN - #com.github.shubham076.themes.listeners.MyApplicationActivationListener - Don't forget to remove all non-needed sample code files with their corresponding registration entries in `plugin.xml`.
2025-04-29 20:25:55,461 [5334431]   WARN - #com.github.shubham076.themes.listeners.MyApplicationActivationListener - Don't forget to remove all non-needed sample code files with their corresponding registration entries in `plugin.xml`.
2025-04-29 20:25:56,678 [5335648]   WARN - #com.github.shubham076.themes.listeners.MyApplicationActivationListener - Don't forget to remove all non-needed sample code files with their corresponding registration entries in `plugin.xml`.
2025-04-29 20:26:13,714 [5352684]   WARN - #c.i.l.e.p.i.ES6ImportPsiUtil - Import specifier with name 'CallPriority' already exists
2025-04-29 20:26:16,995 [5355965]   WARN - #com.github.shubham076.themes.listeners.MyApplicationActivationListener - Don't forget to remove all non-needed sample code files with their corresponding registration entries in `plugin.xml`.
2025-04-29 20:26:41,263 [5380233]   WARN - #com.github.shubham076.themes.listeners.MyApplicationActivationListener - Don't forget to remove all non-needed sample code files with their corresponding registration entries in `plugin.xml`.
2025-04-29 20:26:51,134 [5390104]   WARN - #com.github.shubham076.themes.listeners.MyApplicationActivationListener - Don't forget to remove all non-needed sample code files with their corresponding registration entries in `plugin.xml`.
2025-04-29 20:27:07,223 [5406193]   WARN - #com.github.shubham076.themes.listeners.MyApplicationActivationListener - Don't forget to remove all non-needed sample code files with their corresponding registration entries in `plugin.xml`.
2025-04-29 20:28:27,464 [5486434]   WARN - #com.github.shubham076.themes.listeners.MyApplicationActivationListener - Don't forget to remove all non-needed sample code files with their corresponding registration entries in `plugin.xml`.
2025-04-29 20:28:45,162 [5504132]   WARN - #com.github.shubham076.themes.listeners.MyApplicationActivationListener - Don't forget to remove all non-needed sample code files with their corresponding registration entries in `plugin.xml`.
2025-04-29 20:29:00,829 [5519799]   WARN - #com.github.shubham076.themes.listeners.MyApplicationActivationListener - Don't forget to remove all non-needed sample code files with their corresponding registration entries in `plugin.xml`.
2025-04-29 20:29:24,171 [5543141]   WARN - #com.github.shubham076.themes.listeners.MyApplicationActivationListener - Don't forget to remove all non-needed sample code files with their corresponding registration entries in `plugin.xml`.
2025-04-29 20:29:40,713 [5559683]   WARN - #com.github.shubham076.themes.listeners.MyApplicationActivationListener - Don't forget to remove all non-needed sample code files with their corresponding registration entries in `plugin.xml`.
2025-04-29 20:30:10,903 [5589873]   WARN - #com.github.shubham076.themes.listeners.MyApplicationActivationListener - Don't forget to remove all non-needed sample code files with their corresponding registration entries in `plugin.xml`.
2025-04-29 20:30:22,882 [5601852]   WARN - #com.github.shubham076.themes.listeners.MyApplicationActivationListener - Don't forget to remove all non-needed sample code files with their corresponding registration entries in `plugin.xml`.
2025-04-29 20:30:52,492 [5631462]   WARN - #com.github.shubham076.themes.listeners.MyApplicationActivationListener - Don't forget to remove all non-needed sample code files with their corresponding registration entries in `plugin.xml`.
2025-04-29 20:31:18,895 [5657865]   WARN - #com.github.shubham076.themes.listeners.MyApplicationActivationListener - Don't forget to remove all non-needed sample code files with their corresponding registration entries in `plugin.xml`.
2025-04-29 20:31:26,913 [5665883]   WARN - #com.github.shubham076.themes.listeners.MyApplicationActivationListener - Don't forget to remove all non-needed sample code files with their corresponding registration entries in `plugin.xml`.
2025-04-29 20:31:56,656 [5695626]   WARN - #com.github.shubham076.themes.listeners.MyApplicationActivationListener - Don't forget to remove all non-needed sample code files with their corresponding registration entries in `plugin.xml`.
2025-04-29 20:32:06,420 [5705390]   WARN - #com.github.shubham076.themes.listeners.MyApplicationActivationListener - Don't forget to remove all non-needed sample code files with their corresponding registration entries in `plugin.xml`.
2025-04-29 20:32:18,178 [5717148]   WARN - #com.github.shubham076.themes.listeners.MyApplicationActivationListener - Don't forget to remove all non-needed sample code files with their corresponding registration entries in `plugin.xml`.
2025-04-29 20:32:37,512 [5736482]   WARN - #com.github.shubham076.themes.listeners.MyApplicationActivationListener - Don't forget to remove all non-needed sample code files with their corresponding registration entries in `plugin.xml`.
2025-04-29 20:32:58,472 [5757442]   WARN - #com.github.shubham076.themes.listeners.MyApplicationActivationListener - Don't forget to remove all non-needed sample code files with their corresponding registration entries in `plugin.xml`.
2025-04-29 20:33:25,985 [5784955]   WARN - #com.github.shubham076.themes.listeners.MyApplicationActivationListener - Don't forget to remove all non-needed sample code files with their corresponding registration entries in `plugin.xml`.
2025-04-29 20:33:29,723 [5788693]   WARN - #com.github.shubham076.themes.listeners.MyApplicationActivationListener - Don't forget to remove all non-needed sample code files with their corresponding registration entries in `plugin.xml`.
2025-04-29 20:33:51,250 [5810220]   WARN - #com.github.shubham076.themes.listeners.MyApplicationActivationListener - Don't forget to remove all non-needed sample code files with their corresponding registration entries in `plugin.xml`.
2025-04-29 20:34:13,086 [5832056]   WARN - #com.github.shubham076.themes.listeners.MyApplicationActivationListener - Don't forget to remove all non-needed sample code files with their corresponding registration entries in `plugin.xml`.
2025-04-29 20:34:33,561 [5852531]   WARN - #com.github.shubham076.themes.listeners.MyApplicationActivationListener - Don't forget to remove all non-needed sample code files with their corresponding registration entries in `plugin.xml`.
2025-04-29 20:34:36,874 [5855844]   WARN - #com.github.shubham076.themes.listeners.MyApplicationActivationListener - Don't forget to remove all non-needed sample code files with their corresponding registration entries in `plugin.xml`.
2025-04-29 20:34:52,044 [5871014]   WARN - #com.github.shubham076.themes.listeners.MyApplicationActivationListener - Don't forget to remove all non-needed sample code files with their corresponding registration entries in `plugin.xml`.
2025-04-29 20:35:09,416 [5888386]   WARN - #com.github.shubham076.themes.listeners.MyApplicationActivationListener - Don't forget to remove all non-needed sample code files with their corresponding registration entries in `plugin.xml`.
2025-04-29 20:35:41,176 [5920146]   WARN - #com.github.shubham076.themes.listeners.MyApplicationActivationListener - Don't forget to remove all non-needed sample code files with their corresponding registration entries in `plugin.xml`.
2025-04-29 20:36:00,707 [5939677]   WARN - #com.github.shubham076.themes.listeners.MyApplicationActivationListener - Don't forget to remove all non-needed sample code files with their corresponding registration entries in `plugin.xml`.
2025-04-29 20:36:06,327 [5945297]   WARN - #com.github.shubham076.themes.listeners.MyApplicationActivationListener - Don't forget to remove all non-needed sample code files with their corresponding registration entries in `plugin.xml`.
2025-04-29 20:36:27,894 [5966864]   WARN - #com.github.shubham076.themes.listeners.MyApplicationActivationListener - Don't forget to remove all non-needed sample code files with their corresponding registration entries in `plugin.xml`.
2025-04-29 20:36:51,087 [5990057]   WARN - #com.github.shubham076.themes.listeners.MyApplicationActivationListener - Don't forget to remove all non-needed sample code files with their corresponding registration entries in `plugin.xml`.
2025-04-29 20:37:11,266 [6010236]   WARN - #com.github.shubham076.themes.listeners.MyApplicationActivationListener - Don't forget to remove all non-needed sample code files with their corresponding registration entries in `plugin.xml`.
2025-04-29 20:37:45,507 [6044477]   WARN - #com.github.shubham076.themes.listeners.MyApplicationActivationListener - Don't forget to remove all non-needed sample code files with their corresponding registration entries in `plugin.xml`.
2025-04-29 20:37:50,720 [6049690]   WARN - #com.github.shubham076.themes.listeners.MyApplicationActivationListener - Don't forget to remove all non-needed sample code files with their corresponding registration entries in `plugin.xml`.
2025-04-29 20:38:06,096 [6065066]   WARN - #com.github.shubham076.themes.listeners.MyApplicationActivationListener - Don't forget to remove all non-needed sample code files with their corresponding registration entries in `plugin.xml`.
2025-04-29 20:38:07,686 [6066656]   WARN - #com.github.shubham076.themes.listeners.MyApplicationActivationListener - Don't forget to remove all non-needed sample code files with their corresponding registration entries in `plugin.xml`.
2025-04-29 20:38:10,746 [6069716]   WARN - #com.github.shubham076.themes.listeners.MyApplicationActivationListener - Don't forget to remove all non-needed sample code files with their corresponding registration entries in `plugin.xml`.
2025-04-29 20:38:54,069 [6113039]   WARN - #com.github.shubham076.themes.listeners.MyApplicationActivationListener - Don't forget to remove all non-needed sample code files with their corresponding registration entries in `plugin.xml`.
2025-04-29 20:39:06,688 [6125658]   WARN - #com.github.shubham076.themes.listeners.MyApplicationActivationListener - Don't forget to remove all non-needed sample code files with their corresponding registration entries in `plugin.xml`.
2025-04-29 20:39:16,061 [6135031]   WARN - #com.github.shubham076.themes.listeners.MyApplicationActivationListener - Don't forget to remove all non-needed sample code files with their corresponding registration entries in `plugin.xml`.
2025-04-29 20:39:25,367 [6144337]   WARN - #com.github.shubham076.themes.listeners.MyApplicationActivationListener - Don't forget to remove all non-needed sample code files with their corresponding registration entries in `plugin.xml`.
2025-04-29 20:39:25,421 [6144391]   WARN - #com.github.shubham076.themes.listeners.MyApplicationActivationListener - Don't forget to remove all non-needed sample code files with their corresponding registration entries in `plugin.xml`.
2025-04-29 20:39:28,830 [6147800]   WARN - #com.github.shubham076.themes.listeners.MyApplicationActivationListener - Don't forget to remove all non-needed sample code files with their corresponding registration entries in `plugin.xml`.
2025-04-29 20:39:36,888 [6155858]   WARN - #com.github.shubham076.themes.listeners.MyApplicationActivationListener - Don't forget to remove all non-needed sample code files with their corresponding registration entries in `plugin.xml`.
2025-04-29 20:39:49,822 [6168792]   WARN - #com.github.shubham076.themes.listeners.MyApplicationActivationListener - Don't forget to remove all non-needed sample code files with their corresponding registration entries in `plugin.xml`.
2025-04-29 20:40:00,964 [6179934]   WARN - #com.github.shubham076.themes.listeners.MyApplicationActivationListener - Don't forget to remove all non-needed sample code files with their corresponding registration entries in `plugin.xml`.
2025-04-29 20:40:03,384 [6182354]   WARN - #com.github.shubham076.themes.listeners.MyApplicationActivationListener - Don't forget to remove all non-needed sample code files with their corresponding registration entries in `plugin.xml`.
2025-04-29 20:40:26,658 [6205628]   WARN - #com.github.shubham076.themes.listeners.MyApplicationActivationListener - Don't forget to remove all non-needed sample code files with their corresponding registration entries in `plugin.xml`.
2025-04-29 20:40:48,888 [6227858]   WARN - #com.github.shubham076.themes.listeners.MyApplicationActivationListener - Don't forget to remove all non-needed sample code files with their corresponding registration entries in `plugin.xml`.
2025-04-29 20:40:53,976 [6232946]   WARN - #com.github.shubham076.themes.listeners.MyApplicationActivationListener - Don't forget to remove all non-needed sample code files with their corresponding registration entries in `plugin.xml`.
2025-04-29 20:41:00,340 [6239310]   WARN - #com.github.shubham076.themes.listeners.MyApplicationActivationListener - Don't forget to remove all non-needed sample code files with their corresponding registration entries in `plugin.xml`.
2025-04-29 20:41:07,342 [6246312]   WARN - #com.github.shubham076.themes.listeners.MyApplicationActivationListener - Don't forget to remove all non-needed sample code files with their corresponding registration entries in `plugin.xml`.
2025-04-29 20:41:08,960 [6247930]   WARN - #com.github.shubham076.themes.listeners.MyApplicationActivationListener - Don't forget to remove all non-needed sample code files with their corresponding registration entries in `plugin.xml`.
2025-04-29 20:41:14,810 [6253780]   WARN - #com.github.shubham076.themes.listeners.MyApplicationActivationListener - Don't forget to remove all non-needed sample code files with their corresponding registration entries in `plugin.xml`.
2025-04-29 20:41:32,202 [6271172]   WARN - #com.github.shubham076.themes.listeners.MyApplicationActivationListener - Don't forget to remove all non-needed sample code files with their corresponding registration entries in `plugin.xml`.
2025-04-29 20:41:33,258 [6272228]   WARN - #com.github.shubham076.themes.listeners.MyApplicationActivationListener - Don't forget to remove all non-needed sample code files with their corresponding registration entries in `plugin.xml`.
2025-04-29 20:42:18,677 [6317647]   WARN - #com.github.shubham076.themes.listeners.MyApplicationActivationListener - Don't forget to remove all non-needed sample code files with their corresponding registration entries in `plugin.xml`.
2025-04-29 20:42:58,486 [6357456]   WARN - #com.github.shubham076.themes.listeners.MyApplicationActivationListener - Don't forget to remove all non-needed sample code files with their corresponding registration entries in `plugin.xml`.
2025-04-29 20:43:08,225 [6367195]   WARN - #com.github.shubham076.themes.listeners.MyApplicationActivationListener - Don't forget to remove all non-needed sample code files with their corresponding registration entries in `plugin.xml`.
2025-04-29 20:43:45,048 [6404018]   WARN - #com.github.shubham076.themes.listeners.MyApplicationActivationListener - Don't forget to remove all non-needed sample code files with their corresponding registration entries in `plugin.xml`.
2025-04-29 20:43:47,485 [6406455]   WARN - #com.github.shubham076.themes.listeners.MyApplicationActivationListener - Don't forget to remove all non-needed sample code files with their corresponding registration entries in `plugin.xml`.
2025-04-29 20:44:12,458 [6431428]   WARN - #com.github.shubham076.themes.listeners.MyApplicationActivationListener - Don't forget to remove all non-needed sample code files with their corresponding registration entries in `plugin.xml`.
2025-04-29 20:44:23,894 [6442864]   WARN - #com.github.shubham076.themes.listeners.MyApplicationActivationListener - Don't forget to remove all non-needed sample code files with their corresponding registration entries in `plugin.xml`.
2025-04-29 20:44:27,503 [6446473]   WARN - #com.github.shubham076.themes.listeners.MyApplicationActivationListener - Don't forget to remove all non-needed sample code files with their corresponding registration entries in `plugin.xml`.
2025-04-29 20:44:29,075 [6448045]   WARN - #com.github.shubham076.themes.listeners.MyApplicationActivationListener - Don't forget to remove all non-needed sample code files with their corresponding registration entries in `plugin.xml`.
2025-04-29 20:44:32,500 [6451470]   WARN - #com.github.shubham076.themes.listeners.MyApplicationActivationListener - Don't forget to remove all non-needed sample code files with their corresponding registration entries in `plugin.xml`.
2025-04-29 20:44:35,682 [6454652]   WARN - #com.github.shubham076.themes.listeners.MyApplicationActivationListener - Don't forget to remove all non-needed sample code files with their corresponding registration entries in `plugin.xml`.
2025-04-29 20:44:54,655 [6473625]   WARN - #com.github.shubham076.themes.listeners.MyApplicationActivationListener - Don't forget to remove all non-needed sample code files with their corresponding registration entries in `plugin.xml`.
2025-04-29 20:45:08,198 [6487168]   WARN - #com.github.shubham076.themes.listeners.MyApplicationActivationListener - Don't forget to remove all non-needed sample code files with their corresponding registration entries in `plugin.xml`.
2025-04-29 20:45:23,378 [6502348]   WARN - #com.github.shubham076.themes.listeners.MyApplicationActivationListener - Don't forget to remove all non-needed sample code files with their corresponding registration entries in `plugin.xml`.
2025-04-29 20:45:29,167 [6508137]   WARN - #com.github.shubham076.themes.listeners.MyApplicationActivationListener - Don't forget to remove all non-needed sample code files with their corresponding registration entries in `plugin.xml`.
2025-04-29 20:45:31,563 [6510533]   WARN - #com.github.shubham076.themes.listeners.MyApplicationActivationListener - Don't forget to remove all non-needed sample code files with their corresponding registration entries in `plugin.xml`.
2025-04-29 20:45:43,934 [6522904]   WARN - #com.github.shubham076.themes.listeners.MyApplicationActivationListener - Don't forget to remove all non-needed sample code files with their corresponding registration entries in `plugin.xml`.
2025-04-29 20:46:10,075 [6549045]   WARN - #com.github.shubham076.themes.listeners.MyApplicationActivationListener - Don't forget to remove all non-needed sample code files with their corresponding registration entries in `plugin.xml`.
2025-04-29 20:46:17,581 [6556551]   WARN - #com.github.shubham076.themes.listeners.MyApplicationActivationListener - Don't forget to remove all non-needed sample code files with their corresponding registration entries in `plugin.xml`.
2025-04-29 20:46:21,432 [6560402]   WARN - #com.github.shubham076.themes.listeners.MyApplicationActivationListener - Don't forget to remove all non-needed sample code files with their corresponding registration entries in `plugin.xml`.
2025-04-29 20:46:30,251 [6569221]   WARN - #com.github.shubham076.themes.listeners.MyApplicationActivationListener - Don't forget to remove all non-needed sample code files with their corresponding registration entries in `plugin.xml`.
2025-04-29 20:46:40,289 [6579259]   WARN - #com.github.shubham076.themes.listeners.MyApplicationActivationListener - Don't forget to remove all non-needed sample code files with their corresponding registration entries in `plugin.xml`.
2025-04-29 20:46:45,557 [6584527]   WARN - #com.github.shubham076.themes.listeners.MyApplicationActivationListener - Don't forget to remove all non-needed sample code files with their corresponding registration entries in `plugin.xml`.
2025-04-29 20:46:51,566 [6590536]   WARN - #com.github.shubham076.themes.listeners.MyApplicationActivationListener - Don't forget to remove all non-needed sample code files with their corresponding registration entries in `plugin.xml`.
2025-04-29 20:46:53,459 [6592429]   WARN - #com.github.shubham076.themes.listeners.MyApplicationActivationListener - Don't forget to remove all non-needed sample code files with their corresponding registration entries in `plugin.xml`.
2025-04-29 20:47:10,301 [6609271]   WARN - #com.github.shubham076.themes.listeners.MyApplicationActivationListener - Don't forget to remove all non-needed sample code files with their corresponding registration entries in `plugin.xml`.
2025-04-29 20:47:18,458 [6617428]   WARN - #com.github.shubham076.themes.listeners.MyApplicationActivationListener - Don't forget to remove all non-needed sample code files with their corresponding registration entries in `plugin.xml`.
2025-04-29 20:47:25,456 [6624426]   WARN - #com.github.shubham076.themes.listeners.MyApplicationActivationListener - Don't forget to remove all non-needed sample code files with their corresponding registration entries in `plugin.xml`.
2025-04-29 20:47:35,822 [6634792]   WARN - #com.github.shubham076.themes.listeners.MyApplicationActivationListener - Don't forget to remove all non-needed sample code files with their corresponding registration entries in `plugin.xml`.
2025-04-29 20:47:41,609 [6640579]   WARN - #com.github.shubham076.themes.listeners.MyApplicationActivationListener - Don't forget to remove all non-needed sample code files with their corresponding registration entries in `plugin.xml`.
2025-04-29 20:47:56,620 [6655590]   WARN - #com.github.shubham076.themes.listeners.MyApplicationActivationListener - Don't forget to remove all non-needed sample code files with their corresponding registration entries in `plugin.xml`.
2025-04-29 20:48:38,819 [6697789]   WARN - #com.github.shubham076.themes.listeners.MyApplicationActivationListener - Don't forget to remove all non-needed sample code files with their corresponding registration entries in `plugin.xml`.
2025-04-29 20:49:05,539 [6724509]   WARN - #com.github.shubham076.themes.listeners.MyApplicationActivationListener - Don't forget to remove all non-needed sample code files with their corresponding registration entries in `plugin.xml`.
2025-04-29 20:49:20,560 [6739530]   WARN - #com.github.shubham076.themes.listeners.MyApplicationActivationListener - Don't forget to remove all non-needed sample code files with their corresponding registration entries in `plugin.xml`.
2025-04-29 20:49:25,328 [6744298]   WARN - #com.github.shubham076.themes.listeners.MyApplicationActivationListener - Don't forget to remove all non-needed sample code files with their corresponding registration entries in `plugin.xml`.
2025-04-29 20:49:35,012 [6753982]   WARN - #com.github.shubham076.themes.listeners.MyApplicationActivationListener - Don't forget to remove all non-needed sample code files with their corresponding registration entries in `plugin.xml`.
2025-04-29 20:49:42,875 [6761845] SEVERE - #c.i.o.a.i.CoroutineExceptionHandlerImpl - Unhandled exception in [CoroutineName(DocumentationBrowser requests), Dispatchers.Default]
java.lang.ClassCastException: class java.lang.String cannot be cast to class java.util.Map (java.lang.String and java.util.Map are in module java.base of loader 'bootstrap')
	at com.intellij.psi.css.impl.util.MdnDocumentationUtil.getFormattedCompatibilityData(MdnDocumentationUtil.java:39)
	at com.intellij.psi.css.impl.util.MdnDocumentationUtil.buildDoc(MdnDocumentationUtil.java:129)
	at com.intellij.psi.css.impl.util.CssDocumentationProvider.generateDoc(CssDocumentationProvider.java:328)
	at com.intellij.psi.css.impl.util.CssDocumentationProvider.generateDoc(CssDocumentationProvider.java:230)
	at com.intellij.lang.documentation.DocumentationProvider.getDocumentationParts(DocumentationProvider.java:200)
	at com.intellij.lang.documentation.CompositeDocumentationProvider.getDocumentationParts(CompositeDocumentationProvider.java:295)
	at com.intellij.lang.documentation.psi.PsiElementDocumentationTarget.localDocParts(PsiElementDocumentationTarget.kt:114)
	at com.intellij.lang.documentation.psi.PsiElementDocumentationTarget.localDoc(PsiElementDocumentationTarget.kt:97)
	at com.intellij.lang.documentation.psi.PsiElementDocumentationTarget.doComputeDocumentation(PsiElementDocumentationTarget.kt:84)
	at com.intellij.lang.documentation.psi.PsiElementDocumentationTarget.computeDocumentation$lambda$0(PsiElementDocumentationTarget.kt:78)
	at com.intellij.openapi.progress.CoroutinesKt.jobToIndicator$lambda$5(coroutines.kt:451)
	at com.intellij.openapi.progress.ProgressManager.lambda$runProcess$0(ProgressManager.java:98)
	at com.intellij.openapi.progress.impl.CoreProgressManager.lambda$runProcess$1(CoreProgressManager.java:229)
	at com.intellij.platform.diagnostic.telemetry.helpers.TraceKt.use(trace.kt:43)
	at com.intellij.openapi.progress.impl.CoreProgressManager.lambda$runProcess$2(CoreProgressManager.java:228)
	at com.intellij.openapi.progress.impl.CoreProgressManager.lambda$executeProcessUnderProgress$14(CoreProgressManager.java:680)
	at com.intellij.openapi.progress.impl.CoreProgressManager.registerIndicatorAndRun(CoreProgressManager.java:755)
	at com.intellij.openapi.progress.impl.CoreProgressManager.computeUnderProgress(CoreProgressManager.java:711)
	at com.intellij.openapi.progress.impl.CoreProgressManager.executeProcessUnderProgress(CoreProgressManager.java:679)
	at com.intellij.openapi.progress.impl.ProgressManagerImpl.executeProcessUnderProgress(ProgressManagerImpl.java:77)
	at com.intellij.openapi.progress.impl.CoreProgressManager.runProcess(CoreProgressManager.java:209)
	at com.intellij.openapi.progress.ProgressManager.runProcess(ProgressManager.java:98)
	at com.intellij.openapi.progress.CoroutinesKt.jobToIndicator(coroutines.kt:439)
	at com.intellij.openapi.progress.CoroutinesKt.contextToIndicator(coroutines.kt:431)
	at com.intellij.openapi.progress.CoroutinesKt.blockingContextToIndicator(coroutines.kt:407)
	at com.intellij.lang.documentation.psi.PsiElementDocumentationTarget.computeDocumentation(PsiElementDocumentationTarget.kt:77)
	at com.intellij.platform.backend.documentation.impl.ImplKt$computeDocumentation$2.invokeSuspend$lambda$0(impl.kt:35)
	at com.intellij.openapi.application.rw.InternalReadAction.insideReadAction(InternalReadAction.kt:120)
	at com.intellij.openapi.application.rw.InternalReadAction.tryReadCancellable$lambda$6(InternalReadAction.kt:110)
	at com.intellij.openapi.application.rw.CancellableReadActionKt.cancellableReadActionInternal$lambda$3$lambda$2$lambda$1(cancellableReadAction.kt:32)
	at com.intellij.openapi.application.impl.AnyThreadWriteThreadingSupport.tryRunReadAction$lambda$11(AnyThreadWriteThreadingSupport.kt:522)
	at com.intellij.openapi.application.impl.AnyThreadWriteThreadingSupport.runWithTemporaryThreadLocal(AnyThreadWriteThreadingSupport.kt:204)
	at com.intellij.openapi.application.impl.AnyThreadWriteThreadingSupport.tryRunReadAction(AnyThreadWriteThreadingSupport.kt:522)
	at com.intellij.openapi.application.impl.ApplicationImpl.tryRunReadAction(ApplicationImpl.java:1064)
	at com.intellij.openapi.application.rw.CancellableReadActionKt.cancellableReadActionInternal$lambda$3$lambda$2(cancellableReadAction.kt:30)
	at com.intellij.openapi.progress.util.ProgressIndicatorUtilService.runActionAndCancelBeforeWrite(ProgressIndicatorUtilService.java:73)
	at com.intellij.openapi.progress.util.ProgressIndicatorUtils.runActionAndCancelBeforeWrite(ProgressIndicatorUtils.java:152)
	at com.intellij.openapi.application.rw.CancellableReadActionKt.cancellableReadActionInternal(cancellableReadAction.kt:28)
	at com.intellij.openapi.application.rw.InternalReadAction.tryReadCancellable(InternalReadAction.kt:109)
	at com.intellij.openapi.application.rw.InternalReadAction.tryReadAction(InternalReadAction.kt:93)
	at com.intellij.openapi.application.rw.InternalReadAction.readLoop(InternalReadAction.kt:80)
	at com.intellij.openapi.application.rw.InternalReadAction.access$readLoop(InternalReadAction.kt:17)
	at com.intellij.openapi.application.rw.InternalReadAction$runReadAction$7.invokeSuspend(InternalReadAction.kt:59)
	at com.intellij.openapi.application.rw.InternalReadAction$runReadAction$7.invoke(InternalReadAction.kt)
	at com.intellij.openapi.application.rw.InternalReadAction$runReadAction$7.invoke(InternalReadAction.kt)
	at kotlinx.coroutines.intrinsics.UndispatchedKt.startUndispatchedOrReturn(Undispatched.kt:62)
	at kotlinx.coroutines.BuildersKt__Builders_commonKt.withContext(Builders.common.kt:163)
	at kotlinx.coroutines.BuildersKt.withContext(Unknown Source)
	at com.intellij.openapi.application.rw.InternalReadAction.runReadAction(InternalReadAction.kt:55)
	at com.intellij.openapi.application.rw.PlatformReadWriteActionSupport.executeReadAction(PlatformReadWriteActionSupport.kt:38)
	at com.intellij.openapi.application.ReadWriteActionSupport.executeReadAction$default(ReadWriteActionSupport.kt:15)
	at com.intellij.openapi.application.CoroutinesKt.constrainedReadAction(coroutines.kt:62)
	at com.intellij.openapi.application.CoroutinesKt.readAction(coroutines.kt:29)
	at com.intellij.platform.backend.documentation.impl.ImplKt$computeDocumentation$2.invokeSuspend(impl.kt:32)
	at com.intellij.platform.backend.documentation.impl.ImplKt$computeDocumentation$2.invoke(impl.kt)
	at com.intellij.platform.backend.documentation.impl.ImplKt$computeDocumentation$2.invoke(impl.kt)
	at kotlinx.coroutines.intrinsics.UndispatchedKt.startUndispatchedOrReturn(Undispatched.kt:62)
	at kotlinx.coroutines.BuildersKt__Builders_commonKt.withContext(Builders.common.kt:163)
	at kotlinx.coroutines.BuildersKt.withContext(Unknown Source)
	at com.intellij.platform.backend.documentation.impl.ImplKt.computeDocumentation(impl.kt:30)
	at com.intellij.lang.documentation.ide.impl.DocumentationPage.loadPage(DocumentationPage.kt:41)
	at com.intellij.lang.documentation.ide.impl.DocumentationBrowser.handleLoadRequest(DocumentationBrowser.kt:119)
	at com.intellij.lang.documentation.ide.impl.DocumentationBrowser.access$handleLoadRequest(DocumentationBrowser.kt:29)
	at com.intellij.lang.documentation.ide.impl.DocumentationBrowser$handleLoadRequest$1.invokeSuspend(DocumentationBrowser.kt)
	at kotlin.coroutines.jvm.internal.BaseContinuationImpl.resumeWith(ContinuationImpl.kt:33)
	at kotlinx.coroutines.DispatchedTask.run(DispatchedTask.kt:104)
	at kotlinx.coroutines.scheduling.CoroutineScheduler.runSafely(CoroutineScheduler.kt:608)
	at kotlinx.coroutines.scheduling.CoroutineScheduler$Worker.executeTask(CoroutineScheduler.kt:873)
	at kotlinx.coroutines.scheduling.CoroutineScheduler$Worker.runWorker(CoroutineScheduler.kt:763)
	at kotlinx.coroutines.scheduling.CoroutineScheduler$Worker.run(CoroutineScheduler.kt:750)
Exception in thread "DefaultDispatcher-worker-4" 2025-04-29 20:49:42,878 [6761848] SEVERE - #c.i.o.a.i.CoroutineExceptionHandlerImpl - WebStorm 2025.1  Build #WS-251.23774.424
2025-04-29 20:49:42,878 [6761848] SEVERE - #c.i.o.a.i.CoroutineExceptionHandlerImpl - JDK: 21.0.6; VM: OpenJDK 64-Bit Server VM; Vendor: JetBrains s.r.o.
2025-04-29 20:49:42,878 [6761848] SEVERE - #c.i.o.a.i.CoroutineExceptionHandlerImpl - OS: Linux
2025-04-29 20:49:42,878 [6761848] SEVERE - #c.i.o.a.i.CoroutineExceptionHandlerImpl - Last Action: EditorEnter
java.lang.ClassCastException: class java.lang.String cannot be cast to class java.util.Map (java.lang.String and java.util.Map are in module java.base of loader 'bootstrap')
	at com.intellij.psi.css.impl.util.MdnDocumentationUtil.getFormattedCompatibilityData(MdnDocumentationUtil.java:39)
	at com.intellij.psi.css.impl.util.MdnDocumentationUtil.buildDoc(MdnDocumentationUtil.java:129)
	at com.intellij.psi.css.impl.util.CssDocumentationProvider.generateDoc(CssDocumentationProvider.java:328)
	at com.intellij.psi.css.impl.util.CssDocumentationProvider.generateDoc(CssDocumentationProvider.java:230)
	at com.intellij.lang.documentation.DocumentationProvider.getDocumentationParts(DocumentationProvider.java:200)
	at com.intellij.lang.documentation.CompositeDocumentationProvider.getDocumentationParts(CompositeDocumentationProvider.java:295)
	at com.intellij.lang.documentation.psi.PsiElementDocumentationTarget.localDocParts(PsiElementDocumentationTarget.kt:114)
	at com.intellij.lang.documentation.psi.PsiElementDocumentationTarget.localDoc(PsiElementDocumentationTarget.kt:97)
	at com.intellij.lang.documentation.psi.PsiElementDocumentationTarget.doComputeDocumentation(PsiElementDocumentationTarget.kt:84)
	at com.intellij.lang.documentation.psi.PsiElementDocumentationTarget.computeDocumentation$lambda$0(PsiElementDocumentationTarget.kt:78)
	at com.intellij.openapi.progress.CoroutinesKt.jobToIndicator$lambda$5(coroutines.kt:451)
	at com.intellij.openapi.progress.ProgressManager.lambda$runProcess$0(ProgressManager.java:98)
	at com.intellij.openapi.progress.impl.CoreProgressManager.lambda$runProcess$1(CoreProgressManager.java:229)
	at com.intellij.platform.diagnostic.telemetry.helpers.TraceKt.use(trace.kt:43)
	at com.intellij.openapi.progress.impl.CoreProgressManager.lambda$runProcess$2(CoreProgressManager.java:228)
	at com.intellij.openapi.progress.impl.CoreProgressManager.lambda$executeProcessUnderProgress$14(CoreProgressManager.java:680)
	at com.intellij.openapi.progress.impl.CoreProgressManager.registerIndicatorAndRun(CoreProgressManager.java:755)
	at com.intellij.openapi.progress.impl.CoreProgressManager.computeUnderProgress(CoreProgressManager.java:711)
	at com.intellij.openapi.progress.impl.CoreProgressManager.executeProcessUnderProgress(CoreProgressManager.java:679)
	at com.intellij.openapi.progress.impl.ProgressManagerImpl.executeProcessUnderProgress(ProgressManagerImpl.java:77)
	at com.intellij.openapi.progress.impl.CoreProgressManager.runProcess(CoreProgressManager.java:209)
	at com.intellij.openapi.progress.ProgressManager.runProcess(ProgressManager.java:98)
	at com.intellij.openapi.progress.CoroutinesKt.jobToIndicator(coroutines.kt:439)
	at com.intellij.openapi.progress.CoroutinesKt.contextToIndicator(coroutines.kt:431)
	at com.intellij.openapi.progress.CoroutinesKt.blockingContextToIndicator(coroutines.kt:407)
	at com.intellij.lang.documentation.psi.PsiElementDocumentationTarget.computeDocumentation(PsiElementDocumentationTarget.kt:77)
	at com.intellij.platform.backend.documentation.impl.ImplKt$computeDocumentation$2.invokeSuspend$lambda$0(impl.kt:35)
	at com.intellij.openapi.application.rw.InternalReadAction.insideReadAction(InternalReadAction.kt:120)
	at com.intellij.openapi.application.rw.InternalReadAction.tryReadCancellable$lambda$6(InternalReadAction.kt:110)
	at com.intellij.openapi.application.rw.CancellableReadActionKt.cancellableReadActionInternal$lambda$3$lambda$2$lambda$1(cancellableReadAction.kt:32)
	at com.intellij.openapi.application.impl.AnyThreadWriteThreadingSupport.tryRunReadAction$lambda$11(AnyThreadWriteThreadingSupport.kt:522)
	at com.intellij.openapi.application.impl.AnyThreadWriteThreadingSupport.runWithTemporaryThreadLocal(AnyThreadWriteThreadingSupport.kt:204)
	at com.intellij.openapi.application.impl.AnyThreadWriteThreadingSupport.tryRunReadAction(AnyThreadWriteThreadingSupport.kt:522)
	at com.intellij.openapi.application.impl.ApplicationImpl.tryRunReadAction(ApplicationImpl.java:1064)
	at com.intellij.openapi.application.rw.CancellableReadActionKt.cancellableReadActionInternal$lambda$3$lambda$2(cancellableReadAction.kt:30)
	at com.intellij.openapi.progress.util.ProgressIndicatorUtilService.runActionAndCancelBeforeWrite(ProgressIndicatorUtilService.java:73)
	at com.intellij.openapi.progress.util.ProgressIndicatorUtils.runActionAndCancelBeforeWrite(ProgressIndicatorUtils.java:152)
	at com.intellij.openapi.application.rw.CancellableReadActionKt.cancellableReadActionInternal(cancellableReadAction.kt:28)
	at com.intellij.openapi.application.rw.InternalReadAction.tryReadCancellable(InternalReadAction.kt:109)
	at com.intellij.openapi.application.rw.InternalReadAction.tryReadAction(InternalReadAction.kt:93)
	at com.intellij.openapi.application.rw.InternalReadAction.readLoop(InternalReadAction.kt:80)
	at com.intellij.openapi.application.rw.InternalReadAction.access$readLoop(InternalReadAction.kt:17)
	at com.intellij.openapi.application.rw.InternalReadAction$runReadAction$7.invokeSuspend(InternalReadAction.kt:59)
	at com.intellij.openapi.application.rw.InternalReadAction$runReadAction$7.invoke(InternalReadAction.kt)
	at com.intellij.openapi.application.rw.InternalReadAction$runReadAction$7.invoke(InternalReadAction.kt)
	at kotlinx.coroutines.intrinsics.UndispatchedKt.startUndispatchedOrReturn(Undispatched.kt:62)
	at kotlinx.coroutines.BuildersKt__Builders_commonKt.withContext(Builders.common.kt:163)
	at kotlinx.coroutines.BuildersKt.withContext(Unknown Source)
	at com.intellij.openapi.application.rw.InternalReadAction.runReadAction(InternalReadAction.kt:55)
	at com.intellij.openapi.application.rw.PlatformReadWriteActionSupport.executeReadAction(PlatformReadWriteActionSupport.kt:38)
	at com.intellij.openapi.application.ReadWriteActionSupport.executeReadAction$default(ReadWriteActionSupport.kt:15)
	at com.intellij.openapi.application.CoroutinesKt.constrainedReadAction(coroutines.kt:62)
	at com.intellij.openapi.application.CoroutinesKt.readAction(coroutines.kt:29)
	at com.intellij.platform.backend.documentation.impl.ImplKt$computeDocumentation$2.invokeSuspend(impl.kt:32)
	at com.intellij.platform.backend.documentation.impl.ImplKt$computeDocumentation$2.invoke(impl.kt)
	at com.intellij.platform.backend.documentation.impl.ImplKt$computeDocumentation$2.invoke(impl.kt)
	at kotlinx.coroutines.intrinsics.UndispatchedKt.startUndispatchedOrReturn(Undispatched.kt:62)
	at kotlinx.coroutines.BuildersKt__Builders_commonKt.withContext(Builders.common.kt:163)
	at kotlinx.coroutines.BuildersKt.withContext(Unknown Source)
	at com.intellij.platform.backend.documentation.impl.ImplKt.computeDocumentation(impl.kt:30)
	at com.intellij.lang.documentation.ide.impl.DocumentationPage.loadPage(DocumentationPage.kt:41)
	at com.intellij.lang.documentation.ide.impl.DocumentationBrowser.handleLoadRequest(DocumentationBrowser.kt:119)
	at com.intellij.lang.documentation.ide.impl.DocumentationBrowser.access$handleLoadRequest(DocumentationBrowser.kt:29)
	at com.intellij.lang.documentation.ide.impl.DocumentationBrowser$handleLoadRequest$1.invokeSuspend(DocumentationBrowser.kt)
	at kotlin.coroutines.jvm.internal.BaseContinuationImpl.resumeWith(ContinuationImpl.kt:33)
	at kotlinx.coroutines.DispatchedTask.run(DispatchedTask.kt:104)
	at kotlinx.coroutines.scheduling.CoroutineScheduler.runSafely(CoroutineScheduler.kt:608)
	at kotlinx.coroutines.scheduling.CoroutineScheduler$Worker.executeTask(CoroutineScheduler.kt:873)
	at kotlinx.coroutines.scheduling.CoroutineScheduler$Worker.runWorker(CoroutineScheduler.kt:763)
	at kotlinx.coroutines.scheduling.CoroutineScheduler$Worker.run(CoroutineScheduler.kt:750)
	Suppressed: kotlinx.coroutines.internal.DiagnosticCoroutineContextException: [CoroutineName(DocumentationBrowser requests), StandaloneCoroutine{Cancelling}@2bd82490, Dispatchers.Default]
2025-04-29 20:50:52,270 [6831240]   WARN - #com.github.shubham076.themes.listeners.MyApplicationActivationListener - Don't forget to remove all non-needed sample code files with their corresponding registration entries in `plugin.xml`.
Exception in thread "DefaultDispatcher-worker-8" java.lang.ClassCastException: class java.lang.String cannot be cast to class java.util.Map (java.lang.String and java.util.Map are in module java.base of loader 'bootstrap')
	at com.intellij.psi.css.impl.util.MdnDocumentationUtil.getFormattedCompatibilityData(MdnDocumentationUtil.java:39)
	at com.intellij.psi.css.impl.util.MdnDocumentationUtil.buildDoc(MdnDocumentationUtil.java:129)
	at com.intellij.psi.css.impl.util.CssDocumentationProvider.generateDoc(CssDocumentationProvider.java:328)
	at com.intellij.psi.css.impl.util.CssDocumentationProvider.generateDoc(CssDocumentationProvider.java:230)
	at com.intellij.lang.documentation.DocumentationProvider.getDocumentationParts(DocumentationProvider.java:200)
	at com.intellij.lang.documentation.CompositeDocumentationProvider.getDocumentationParts(CompositeDocumentationProvider.java:295)
	at com.intellij.lang.documentation.psi.PsiElementDocumentationTarget.localDocParts(PsiElementDocumentationTarget.kt:114)
	at com.intellij.lang.documentation.psi.PsiElementDocumentationTarget.localDoc(PsiElementDocumentationTarget.kt:97)
	at com.intellij.lang.documentation.psi.PsiElementDocumentationTarget.doComputeDocumentation(PsiElementDocumentationTarget.kt:84)
	at com.intellij.lang.documentation.psi.PsiElementDocumentationTarget.computeDocumentation$lambda$0(PsiElementDocumentationTarget.kt:78)
	at com.intellij.openapi.progress.CoroutinesKt.jobToIndicator$lambda$5(coroutines.kt:451)
	at com.intellij.openapi.progress.ProgressManager.lambda$runProcess$0(ProgressManager.java:98)2025-04-29 20:50:54,259 [6833229] SEVERE - #c.i.o.a.i.CoroutineExceptionHandlerImpl - Unhandled exception in [CoroutineName(DocumentationBrowser requests), Dispatchers.Default]
java.lang.ClassCastException: class java.lang.String cannot be cast to class java.util.Map (java.lang.String and java.util.Map are in module java.base of loader 'bootstrap')
	at com.intellij.psi.css.impl.util.MdnDocumentationUtil.getFormattedCompatibilityData(MdnDocumentationUtil.java:39)
	at com.intellij.psi.css.impl.util.MdnDocumentationUtil.buildDoc(MdnDocumentationUtil.java:129)
	at com.intellij.psi.css.impl.util.CssDocumentationProvider.generateDoc(CssDocumentationProvider.java:328)
	at com.intellij.psi.css.impl.util.CssDocumentationProvider.generateDoc(CssDocumentationProvider.java:230)
	at com.intellij.lang.documentation.DocumentationProvider.getDocumentationParts(DocumentationProvider.java:200)
	at com.intellij.lang.documentation.CompositeDocumentationProvider.getDocumentationParts(CompositeDocumentationProvider.java:295)
	at com.intellij.lang.documentation.psi.PsiElementDocumentationTarget.localDocParts(PsiElementDocumentationTarget.kt:114)
	at com.intellij.lang.documentation.psi.PsiElementDocumentationTarget.localDoc(PsiElementDocumentationTarget.kt:97)
	at com.intellij.lang.documentation.psi.PsiElementDocumentationTarget.doComputeDocumentation(PsiElementDocumentationTarget.kt:84)
	at com.intellij.lang.documentation.psi.PsiElementDocumentationTarget.computeDocumentation$lambda$0(PsiElementDocumentationTarget.kt:78)
	at com.intellij.openapi.progress.CoroutinesKt.jobToIndicator$lambda$5(coroutines.kt:451)
	at com.intellij.openapi.progress.ProgressManager.lambda$runProcess$0(ProgressManager.java:98)
	at com.intellij.openapi.progress.impl.CoreProgressManager.lambda$runProcess$1(CoreProgressManager.java:229)
	at com.intellij.platform.diagnostic.telemetry.helpers.TraceKt.use(trace.kt:43)
	at com.intellij.openapi.progress.impl.CoreProgressManager.lambda$runProcess$2(CoreProgressManager.java:228)
	at com.intellij.openapi.progress.impl.CoreProgressManager.lambda$executeProcessUnderProgress$14(CoreProgressManager.java:680)
	at com.intellij.openapi.progress.impl.CoreProgressManager.registerIndicatorAndRun(CoreProgressManager.java:755)
	at com.intellij.openapi.progress.impl.CoreProgressManager.computeUnderProgress(CoreProgressManager.java:711)
	at com.intellij.openapi.progress.impl.CoreProgressManager.executeProcessUnderProgress(CoreProgressManager.java:679)
	at com.intellij.openapi.progress.impl.ProgressManagerImpl.executeProcessUnderProgress(ProgressManagerImpl.java:77)
	at com.intellij.openapi.progress.impl.CoreProgressManager.runProcess(CoreProgressManager.java:209)
	at com.intellij.openapi.progress.ProgressManager.runProcess(ProgressManager.java:98)
	at com.intellij.openapi.progress.CoroutinesKt.jobToIndicator(coroutines.kt:439)
	at com.intellij.openapi.progress.CoroutinesKt.contextToIndicator(coroutines.kt:431)
	at com.intellij.openapi.progress.CoroutinesKt.blockingContextToIndicator(coroutines.kt:407)
	at com.intellij.lang.documentation.psi.PsiElementDocumentationTarget.computeDocumentation(PsiElementDocumentationTarget.kt:77)
	at com.intellij.platform.backend.documentation.impl.ImplKt$computeDocumentation$2.invokeSuspend$lambda$0(impl.kt:35)
	at com.intellij.openapi.application.rw.InternalReadAction.insideReadAction(InternalReadAction.kt:120)
	at com.intellij.openapi.application.rw.InternalReadAction.tryReadCancellable$lambda$6(InternalReadAction.kt:110)
	at com.intellij.openapi.application.rw.CancellableReadActionKt.cancellableReadActionInternal$lambda$3$lambda$2$lambda$1(cancellableReadAction.kt:32)
	at com.intellij.openapi.application.impl.AnyThreadWriteThreadingSupport.tryRunReadAction$lambda$11(AnyThreadWriteThreadingSupport.kt:522)
	at com.intellij.openapi.application.impl.AnyThreadWriteThreadingSupport.runWithTemporaryThreadLocal(AnyThreadWriteThreadingSupport.kt:204)
	at com.intellij.openapi.application.impl.AnyThreadWriteThreadingSupport.tryRunReadAction(AnyThreadWriteThreadingSupport.kt:522)
	at com.intellij.openapi.application.impl.ApplicationImpl.tryRunReadAction(ApplicationImpl.java:1064)
	at com.intellij.openapi.application.rw.CancellableReadActionKt.cancellableReadActionInternal$lambda$3$lambda$2(cancellableReadAction.kt:30)
	at com.intellij.openapi.progress.util.ProgressIndicatorUtilService.runActionAndCancelBeforeWrite(ProgressIndicatorUtilService.java:73)
	at com.intellij.openapi.progress.util.ProgressIndicatorUtils.runActionAndCancelBeforeWrite(ProgressIndicatorUtils.java:152)
	at com.intellij.openapi.application.rw.CancellableReadActionKt.cancellableReadActionInternal(cancellableReadAction.kt:28)
	at com.intellij.openapi.application.rw.InternalReadAction.tryReadCancellable(InternalReadAction.kt:109)
	at com.intellij.openapi.application.rw.InternalReadAction.tryReadAction(InternalReadAction.kt:93)
	at com.intellij.openapi.application.rw.InternalReadAction.readLoop(InternalReadAction.kt:80)
	at com.intellij.openapi.application.rw.InternalReadAction.access$readLoop(InternalReadAction.kt:17)
	at com.intellij.openapi.application.rw.InternalReadAction$runReadAction$7.invokeSuspend(InternalReadAction.kt:59)
	at com.intellij.openapi.application.rw.InternalReadAction$runReadAction$7.invoke(InternalReadAction.kt)
	at com.intellij.openapi.application.rw.InternalReadAction$runReadAction$7.invoke(InternalReadAction.kt)
	at kotlinx.coroutines.intrinsics.UndispatchedKt.startUndispatchedOrReturn(Undispatched.kt:62)
	at kotlinx.coroutines.BuildersKt__Builders_commonKt.withContext(Builders.common.kt:163)
	at kotlinx.coroutines.BuildersKt.withContext(Unknown Source)
	at com.intellij.openapi.application.rw.InternalReadAction.runReadAction(InternalReadAction.kt:55)
	at com.intellij.openapi.application.rw.PlatformReadWriteActionSupport.executeReadAction(PlatformReadWriteActionSupport.kt:38)
	at com.intellij.openapi.application.ReadWriteActionSupport.executeReadAction$default(ReadWriteActionSupport.kt:15)
	at com.intellij.openapi.application.CoroutinesKt.constrainedReadAction(coroutines.kt:62)
	at com.intellij.openapi.application.CoroutinesKt.readAction(coroutines.kt:29)
	at com.intellij.platform.backend.documentation.impl.ImplKt$computeDocumentation$2.invokeSuspend(impl.kt:32)
	at com.intellij.platform.backend.documentation.impl.ImplKt$computeDocumentation$2.invoke(impl.kt)
	at com.intellij.platform.backend.documentation.impl.ImplKt$computeDocumentation$2.invoke(impl.kt)
	at kotlinx.coroutines.intrinsics.UndispatchedKt.startUndispatchedOrReturn(Undispatched.kt:62)
	at kotlinx.coroutines.BuildersKt__Builders_commonKt.withContext(Builders.common.kt:163)
	at kotlinx.coroutines.BuildersKt.withContext(Unknown Source)
	at com.intellij.platform.backend.documentation.impl.ImplKt.computeDocumentation(impl.kt:30)
	at com.intellij.lang.documentation.ide.impl.DocumentationPage.loadPage(DocumentationPage.kt:41)
	at com.intellij.lang.documentation.ide.impl.DocumentationBrowser.handleBrowserRequest(DocumentationBrowser.kt:102)
	at com.intellij.lang.documentation.ide.impl.DocumentationBrowser.access$handleBrowserRequest(DocumentationBrowser.kt:29)
	at com.intellij.lang.documentation.ide.impl.DocumentationBrowser$1$1.invokeSuspend(DocumentationBrowser.kt:54)
	at com.intellij.lang.documentation.ide.impl.DocumentationBrowser$1$1.invoke(DocumentationBrowser.kt)
	at com.intellij.lang.documentation.ide.impl.DocumentationBrowser$1$1.invoke(DocumentationBrowser.kt)
	at kotlinx.coroutines.flow.FlowKt__MergeKt$mapLatest$1.invokeSuspend(Merge.kt:213)
	at kotlinx.coroutines.flow.FlowKt__MergeKt$mapLatest$1.invoke(Merge.kt)
	at kotlinx.coroutines.flow.FlowKt__MergeKt$mapLatest$1.invoke(Merge.kt)
	at kotlinx.coroutines.flow.internal.ChannelFlowTransformLatest$flowCollect$3$1$2.invokeSuspend(Merge.kt:30)
	at kotlinx.coroutines.flow.internal.ChannelFlowTransformLatest$flowCollect$3$1$2.invoke(Merge.kt)
	at kotlinx.coroutines.flow.internal.ChannelFlowTransformLatest$flowCollect$3$1$2.invoke(Merge.kt)
	at kotlinx.coroutines.intrinsics.UndispatchedKt.startCoroutineUndispatched(Undispatched.kt:27)
	at kotlinx.coroutines.CoroutineStart.invoke(CoroutineStart.kt:90)
	at kotlinx.coroutines.Abstract
	at com.intellij.openapi.progress.impl.CoreProgressManager.lambda$runProcess$1(CoreProgressManager.java:229)
	at com.intellij.platform.diagnostic.telemetry.helpers.TraceKt.use(trace.kt:43)
	at com.intellij.openapi.progress.impl.CoreProgressManager.lambda$runProcess$2(CoreProgressManager.java:228)
	at com.intellij.openapi.progress.impl.CoreProgressManager.lambda$executeProcessUnderProgress$14(CoreProgressManager.java:680)
	at com.intellij.openapi.progress.impl.CoreProgressManager.registerIndicatorAndRun(CoreProgressManager.java:755)
	at com.intellij.openapi.progress.impl.CoreProgressManager.computeUnderProgress(CoreProgressManager.java:711)
	at com.intellij.openapi.progress.impl.CoreProgressManager.executeProcessUnderProgress(CoreProgressManager.java:679)
	at com.intellij.openapi.progress.impl.ProgressManagerImpl.executeProcessUnderProgress(ProgressManagerImpl.java:77)
	at com.intellij.openapi.progress.impl.CoreProgressManager.runProcess(CoreProgressManager.java:209)
	at com.intellij.openapi.progress.ProgressManager.runProcess(ProgressManager.java:98)
	at com.intellij.openapi.progress.CoroutinesKt.jobToIndicator(coroutines.kt:439)
	at com.intellij.openapi.progress.CoroutinesKt.contextToIndicator(coroutines.kt:431)
	at com.intellij.openapi.progress.CoroutinesKt.blockingContextToIndicator(coroutines.kt:407)
	at com.intellij.lang.documentation.psi.PsiElementDocumentationTarget.computeDocumentation(PsiElementDocumentationTarget.kt:77)
	at com.intellij.platform.backend.documentation.impl.ImplKt$computeDocumentation$2.invokeSuspend$lambda$0(impl.kt:35)
	at com.intellij.openapi.application.rw.InternalReadAction.insideReadAction(InternalReadAction.kt:120)
	at com.intellij.openapi.application.rw.InternalReadAction.tryReadCancellable$lambda$6(InternalReadAction.kt:110)
	at com.intellij.openapi.application.rw.CancellableReadActionKt.cancellableReadActionInternal$lambda$3$lambda$2$lambda$1(cancellableReadAction.kt:32)
	at com.intellij.openapi.application.impl.AnyThreadWriteThreadingSupport.tryRunReadAction$lambda$11(AnyThreadWriteThreadingSupport.kt:522)
	at com.intellij.openapi.application.impl.AnyThreadWriteThreadingSupport.runWithTemporaryThreadLocal(AnyThreadWriteThreadingSupport.kt:204)
	at com.intellij.openapi.application.impl.AnyThreadWriteThreadingSupport.tryRunReadAction(AnyThreadWriteThreadingSupport.kt:522)
	at com.intellij.openapi.application.impl.ApplicationImpl.tryRunReadAction(ApplicationImpl.java:1064)
	at com.intellij.openapi.application.rw.CancellableReadActionKt.cancellableReadActionInternal$lambda$3$lambda$2(cancellableReadAction.kt:30)
	at com.intellij.openapi.progress.util.ProgressIndicatorUtilService.runActionAndCancelBeforeWrite(ProgressIndicatorUtilService.java:73)
	at com.intellij.openapi.progress.util.ProgressIndicatorUtils.runActionAndCancelBeforeWrite(ProgressIndicatorUtils.java:152)
	at com.intellij.openapi.application.rw.CancellableReadActionKt.cancellableReadActionInternal(cancellableReadAction.kt:28)
	at com.intellij.openapi.application.rw.InternalReadAction.tryReadCancellable(InternalReadAction.kt:109)
	at com.intellij.openapi.application.rw.InternalReadAction.tryReadAction(InternalReadAction.kt:93)
	at com.intellij.openapi.application.rw.InternalReadAction.readLoop(InternalReadAction.kt:80)
	at com.intellij.openapi.application.rw.InternalReadAction.access$readLoop(InternalReadAction.kt:17)
	at com.intellij.openapi.application.rw.InternalReadAction$runReadAction$7.invokeSuspend(InternalReadAction.kt:59)
	at com.intellij.openapi.application.rw.InternalReadAction$runReadAction$7.invoke(InternalReadAction.kt)
	at com.intellij.openapi.application.rw.InternalReadAction$runReadAction$7.invoke(InternalReadAction.kt)
	at kotlinx.coroutines.intrinsics.UndispatchedKt.startUndispatchedOrReturn(Undispatched.kt:62)
	at kotlinx.coroutines.BuildersKt__Builders_commonKt.withContext(Builders.common.kt:163)
	at kotlinx.coroutines.BuildersKt.withContext(Unknown Source)
	at com.intellij.openapi.application.rw.InternalReadAction.runReadAction(InternalReadAction.kt:55)
	at com.intellij.openapi.application.rw.PlatformReadWriteActionSupport.executeReadAction(PlatformReadWriteActionSupport.kt:38)
	at com.intellij.openapi.application.ReadWriteActionSupport.executeReadAction$default(ReadWriteActionSupport.kt:15)
	at com.intellij.openapi.application.CoroutinesKt.constrainedReadAction(coroutines.kt:62)
	at com.intellij.openapi.application.CoroutinesKt.readAction(coroutines.kt:29)
	at com.intellij.platform.backend.documentation.impl.ImplKt$computeDocumentation$2.invokeSuspend(impl.kt:32)
	at com.intellij.platform.backend.documentation.impl.ImplKt$computeDocumentation$2.invoke(impl.kt)
	at com.intellij.platform.backend.documentation.impl.ImplKt$computeDocumentation$2.invoke(impl.kt)
	at kotlinx.coroutines.intrinsics.UndispatchedKt.startUndispatchedOrReturn(Undispatched.kt:62)
	at kotlinx.coroutines.BuildersKt__Builders_commonKt.withContext(Builders.common.kt:163)
	at kotlinx.coroutines.BuildersKt.withContext(Unknown Source)
	at com.intellij.platform.backend.documentation.impl.ImplKt.computeDocumentation(impl.kt:30)
	at com.intellij.lang.documentation.ide.impl.DocumentationPage.loadPage(DocumentationPage.kt:41)
	at com.intellij.lang.documentation.ide.impl.DocumentationBrowser.handleBrowserRequest(DocumentationBrowser.kt:102)
	at com.intellij.lang.documentation.ide.impl.DocumentationBrowser.access$handleBrowserRequest(DocumentationBrowser.kt:29)
	at com.intellij.lang.documentation.ide.impl.DocumentationBrowser$1$1.invokeSuspend(DocumentationBrowser.kt:54)
	at com.intellij.lang.documentation.ide.impl.DocumentationBrowser$1$1.invoke(DocumentationBrowser.kt)
	at com.intellij.lang.documentation.ide.impl.DocumentationBrowser$1$1.invoke(DocumentationBrowser.kt)
	at kotlinx.coroutines.flow.FlowKt__MergeKt$mapLatest$1.invokeSuspend(Merge.kt:213)
	at kotlinx.coroutines.flow.FlowKt__MergeKt$mapLatest$1.invoke(Merge.kt)
	at kotlinx.coroutines.flow.FlowKt__MergeKt$mapLatest$1.invoke(Merge.kt)
	at kotlinx.coroutines.flow.internal.ChannelFlowTransformLatest$flowCollect$3$1$2.invokeSuspend(Merge.kt:30)
	at kotlinx.coroutines.flow.internal.ChannelFlowTransformLatest$flowCollect$3$1$2.invoke(Merge.kt)
	at kotlinx.coroutines.flow.internal.ChannelFlowTransformLatest$flowCollect$3$1$2.invoke(Merge.kt)
	at kotlinx.coroutines.intrinsics.UndispatchedKt.startCoroutineUndispatched(Undispatched.kt:27)
	at kotlinx.coroutines.CoroutineStart.invoke(CoroutineStart.kt:90)
	at kotlinx.coroutines.AbstractCoroutine.start(AbstractCoroutine.kt:123)
	at kotlinx.coroutines.BuildersKt__Builders_commonKt.launch(Builders.common.kt:52)
	at kotlinx.coroutines.BuildersKt.launch(Unknown Source)
	at kotlinx.coroutines.BuildersKt__Builders_commonKt.launch$default(Builders.common.kt:43)
	at kotlinx.coroutines.BuildersKt.launch$default(Unknown Source)
	at kotlinx.coroutines.flow.internal.ChannelFlowTransformLatest$flowCollect$3$1.emit(Merge.kt:29)
	at kotlinx.coroutines.flow.internal.FlowValueWrapperInternalKt.emitInternal(FlowValueWrapperInternal.kt:39)
	at kotlinx.coroutines.flow.SharedFlowImpl.collect$suspendImpl(SharedFlow.kt:392)
	at kotlinx.coroutines.flow.SharedFlowImpl.collect(SharedFlow.kt)
	at kotlinx.coroutines.flow.internal.ChannelFlowTransformLatest$flowCollect$3.invokeSuspend(Merge.kt:23)
	at kotlinx.coroutines.flow.internal.ChannelFlowTransformLatest$flowCollect$3.invoke(Merge.kt)
	at kotlinx.coroutines.flow.internal.ChannelFlowTransformLatest$flowCollect$3.invoke(Merge.kt)
	at kotlinx.coroutines.intrinsics.UndispatchedKt.startUndispatchedOrReturn(Undispatched.kt:62)
	at kotlinx.coroutines.CoroutineScopeKt.coroutineScope(CoroutineScope.kt:261)
	at kotlinx.coroutines.flow.internal.ChannelFlowTransformLatest.flowCollect(Merge.kt:21)
	at kotlinx.coroutines.flow.internal.ChannelFlowOperator.collectTo$suspendImpl(ChannelFlow.kt:153)
	at kotlinx.coroutines.flow.internal.ChannelFlowOperator.collectTo(ChannelFlow.kt)
	at kotlinx.coroutines.flow.internal.ChannelFlow$collectToFun$1.invokeSuspend(ChannelFlow.kt:56)
	at kotlin.coroutines.jvm.internal.BaseContinuationImpl.resumeWith(ContinuationImpl.kt:33)
	at kotlinx.coroutines.DispatchedTask.run(DispatchedTask.kt:104)
	at kotlinx.coroutines.scheduling.CoroutineScheduler.runSafely(CoroutineScheduler.kt:608)
	at kotlinx.coroutines.scheduling.CoroutineScheduler$Worker.executeTask(CoroutineScheduler.kt:873)
	at kotlinx.coroutines.scheduling.CoroutineScheduler$Worker.runWorker(CoroutineScheduler.kt:763)
	at kotlinx.coroutines.scheduling.CoroutineScheduler$Worker.run(CoroutineScheduler.kt:750)Coroutine.start(AbstractCoroutine.kt:123)
	at kotlinx.coroutines.BuildersKt__Builders_commonKt.launch(Builders.common.kt:52)
	at kotlinx.coroutines.BuildersKt.launch(Unknown Source)
	at kotlinx.coroutines.BuildersKt__Builders_commonKt.launch$default(Builders.common.kt:43)
	at kotlinx.coroutines.BuildersKt.launch$default(Unknown Source)
	at kotlinx.coroutines.flow.internal.ChannelFlowTransformLatest$flowCollect$3$1.emit(Merge.kt:29)
	at kotlinx.coroutines.flow.internal.FlowValueWrapperInternalKt.emitInternal(FlowValueWrapperInternal.kt:39)
	at kotlinx.coroutines.flow.SharedFlowImpl.collect$suspendImpl(SharedFlow.kt:392)
	at kotlinx.coroutines.flow.SharedFlowImpl.collect(SharedFlow.kt)
	at kotlinx.coroutines.flow.internal.ChannelFlowTransformLatest$flowCollect$3.invokeSuspend(Merge.kt:23)
	at kotlinx.coroutines.flow.internal.ChannelFlowTransformLatest$flowCollect$3.invoke(Merge.kt)
	at kotlinx.coroutines.flow.internal.ChannelFlowTransformLatest$flowCollect$3.invoke(Merge.kt)
	at kotlinx.coroutines.intrinsics.UndispatchedKt.startUndispatchedOrReturn(Undispatched.kt:62)
	at kotlinx.coroutines.CoroutineScopeKt.coroutineScope(CoroutineScope.kt:261)
	at kotlinx.coroutines.flow.internal.ChannelFlowTransformLatest.flowCollect(Merge.kt:21)
	at kotlinx.coroutines.flow.internal.ChannelFlowOperator.collectTo$suspendImpl(ChannelFlow.kt:153)
	at kotlinx.coroutines.flow.internal.ChannelFlowOperator.collectTo(ChannelFlow.kt)
	at kotlinx.coroutines.flow.internal.ChannelFlow$collectToFun$1.invokeSuspend(ChannelFlow.kt:56)
	at kotlin.coroutines.jvm.internal.BaseContinuationImpl.resumeWith(ContinuationImpl.kt:33)
	at kotlinx.coroutines.DispatchedTask.run(DispatchedTask.kt:104)
	at kotlinx.coroutines.scheduling.CoroutineScheduler.runSafely(CoroutineScheduler.kt:608)
	at kotlinx.coroutines.scheduling.CoroutineScheduler$Worker.executeTask(CoroutineScheduler.kt:873)
	at kotlinx.coroutines.scheduling.CoroutineScheduler$Worker.runWorker(CoroutineScheduler.kt:763)
	at kotlinx.coroutines.scheduling.CoroutineScheduler$Worker.run(CoroutineScheduler.kt:750)

	Suppressed: kotlinx.coroutines.internal.DiagnosticCoroutineContextException: [CoroutineName(DocumentationBrowser requests), StandaloneCoroutine{Cancelling}@1034e712, Dispatchers.Default]
2025-04-29 20:50:54,262 [6833232] SEVERE - #c.i.o.a.i.CoroutineExceptionHandlerImpl - WebStorm 2025.1  Build #WS-251.23774.424
2025-04-29 20:50:54,262 [6833232] SEVERE - #c.i.o.a.i.CoroutineExceptionHandlerImpl - JDK: 21.0.6; VM: OpenJDK 64-Bit Server VM; Vendor: JetBrains s.r.o.
2025-04-29 20:50:54,262 [6833232] SEVERE - #c.i.o.a.i.CoroutineExceptionHandlerImpl - OS: Linux
2025-04-29 20:50:54,262 [6833232] SEVERE - #c.i.o.a.i.CoroutineExceptionHandlerImpl - Last Action: EditorBackSpace
2025-04-29 20:51:06,500 [6845470]   WARN - #com.github.shubham076.themes.listeners.MyApplicationActivationListener - Don't forget to remove all non-needed sample code files with their corresponding registration entries in `plugin.xml`.
2025-04-29 20:51:10,925 [6849895]   WARN - #com.github.shubham076.themes.listeners.MyApplicationActivationListener - Don't forget to remove all non-needed sample code files with their corresponding registration entries in `plugin.xml`.
2025-04-29 20:51:24,760 [6863730]   WARN - #com.github.shubham076.themes.listeners.MyApplicationActivationListener - Don't forget to remove all non-needed sample code files with their corresponding registration entries in `plugin.xml`.
Exception in thread "DefaultDispatcher-worker-8" java.lang.ClassCastException: class java.lang.String cannot be cast to class java.util.Map (java.lang.String and java.util.Map are in module java.base of loader 'bootstrap')
	at com.intellij.psi.css.impl.util.MdnDocumentationUtil.getFormattedCompatibilityData(MdnDocumentationUtil.java:39)
	at com.intellij.psi.css.impl.util.MdnDocumentationUtil.buildDoc(MdnDocumentationUtil.java:129)
	at com.intellij.psi.css.impl.util.CssDocumentationProvider.generateDoc(CssDocumentationProvider.java:328)
	at com.intellij.psi.css.impl.util.CssDocumentationProvider.generateDoc(CssDocumentationProvider.java:230)
	at com.intellij.lang.documentation.DocumentationProvider.getDocumentationParts(DocumentationProvider.java:200)
	at com.intellij.lang.documentation.CompositeDocumentationProvider.getDocumentationParts(CompositeDocumentationProvider.java:295)
	at com.intellij.lang.documentation.psi.PsiElementDocumentationTarget.localDocParts(PsiElementDocumentationTarget.kt:114)
	at com.intellij.lang.documentation.psi.PsiElementDocumentationTarget.localDoc(PsiElementDocumentationTarget.kt:97)
	at com.intellij.lang.documentation.psi.PsiElementDocumentationTarget.doComputeDocumentation(PsiElementDocumentationTarget.kt:84)
	at com.intellij.lang.documentation.psi.PsiElementDocumentationTarget.computeDocumentation$lambda$0(PsiElementDocumentationTarget.kt:78)
	at com.intellij.openapi.progress.CoroutinesKt.jobToIndicator$lambda$5(coroutines.kt:451)
	at com.intellij.openapi.progress.ProgressManager.lambda$runProcess$0(ProgressManager.java:98)
	at com.intellij.openapi.progress.impl.CoreProgressManager.lambda$runProcess$1(CoreProgressManager.java:229)
	at com.intellij.platform.diagnostic.telemetry.helpers.TraceKt.use(trace.kt:43)
	at com.intellij.openapi.progress.impl.CoreProgressManager.lambda$runProcess$2(CoreProgressManager.java:228)
	at com.intellij.openapi.progress.impl.CoreProgressManager.lambda$executeProcessUnderProgress$14(CoreProgressManager.java:680)
	at com.intellij.openapi.progress.impl.CoreProgressManager.registerIndicatorAndRun(CoreProgressManager.java:755)
	at com.intellij.openapi.progress.impl.CoreProgressManager.computeUnderProgress(CoreProgressManager.java:711)
	at com.intellij.openapi.progress.impl.CoreProgressManager.executeProcessUnderProgress(CoreProgressManager.java:679)
	at com.intellij.openapi.progress.impl.ProgressManagerImpl.executeProcessUnderProgress(ProgressManagerImpl.java:77)
	at com.intellij.openapi.progress.impl.CoreProgressManager.runProcess(CoreProgressManager.java:209)
	at com.intellij.openapi.progress.ProgressManager.runProcess(ProgressManager.java:98)
	at com.intellij.openapi.progress.CoroutinesKt.jobToIndicator(coroutines.kt:439)
	at com.intellij.openapi.progress.CoroutinesKt.contextToIndicator(coroutines.kt:431)
	at com.intellij.openapi.progress.CoroutinesKt.blockingContextToIndicator(coroutines.kt:407)
	at com.intellij.lang.documentation.psi.PsiElementDocumentationTarget.computeDocumentation(PsiElementDocumentationTarget.kt:77)
	at com.intellij.platform.backend.documentation.impl.ImplKt$computeDocumentation$2.invokeSuspend$lambda$0(impl.kt:35)
	at com.intellij.openapi.application.rw.InternalReadAction.insideReadAction(InternalReadAction.kt:120)
	at com.intellij.openapi.application.rw.InternalReadAction.tryReadCancellable$lambda$6(InternalReadAction.kt:110)
	at com.intellij.openapi.application.rw.CancellableReadActionKt.cancellableReadActionInternal$lambda$3$lambda$2$lambda$1(cancellableReadAction.kt:32)
	at com.intellij.openapi.application.impl.AnyThreadWriteThreadingSupport.tryRunReadAction$lambda$11(AnyThreadWriteThreadingSupport.kt:522)
	at com.intellij.openapi.application.impl.AnyThreadWriteThreadingSupport.runWithTemporaryThreadLocal(AnyThreadWriteThreadingSupport.kt:204)
	at com.intellij.openapi.application.impl.AnyThreadWriteThreadingSupport.tryRunReadAction(AnyThreadWriteThreadingSupport.kt:522)
	at com.intellij.openapi.application.impl.ApplicationImpl.tryRunReadAction(ApplicationImpl.java:1064)
	at com.intellij.openapi.application.rw.CancellableReadActionKt.cancellableReadActionInternal$lambda$3$lambda$2(cancellableReadAction.kt:30)
	at com.intellij.openapi.progress.util.ProgressIndicatorUtilService.runActionAndCancelBeforeWrite(ProgressIndicatorUtilService.java:73)
	at com.intellij.openapi.progress.util.ProgressIndicatorUtils.runActionAndCancelBeforeWrite(ProgressIndicatorUtils.java:152)
	at com.intellij.openapi.application.rw.CancellableReadActionKt.cancellableReadActionInternal(cancellableReadAction.kt:28)
	at com.intellij.openapi.application.rw.InternalReadAction.tryReadCancellable(InternalReadAction.kt:109)
	at com.intellij.openapi.application.rw.InternalReadAction.tryReadAction(InternalReadAction.kt:93)
	at com.intellij.openapi.application.rw.InternalReadAction.readLoop(InternalReadAction.kt:80)
	at com.intellij.openapi.application.rw.InternalReadAction.access$readLoop(InternalReadAction.kt:17)
	at com.intellij.openapi.application.rw.InternalReadAction$runReadAction$7.invokeSuspend(InternalReadAction.kt:59)
	at com.intellij.openapi.application.rw.InternalReadAction$runReadAction$7.invoke(InternalReadAction.kt)
	at com.intellij.openapi.application.rw.InternalReadAction$runReadAction$7.invoke(InternalReadAction.kt)
	at kotlinx.coroutines.intrinsics.UndispatchedKt.startUndispatchedOrReturn(Undispatched.kt:62)
	at kotlinx.coroutines.BuildersKt__Builders_commonKt.withContext(Builders.common.kt:163)
	at kotlinx.coroutines.BuildersKt.withContext(Unknown Source)
	at com.intellij.openapi.application.rw.InternalReadAction.runReadAction(InternalReadAction.kt:55)
	at com.intellij.openapi.application.rw.PlatformReadWriteActionSupport.executeReadAction(PlatformReadWriteActionSupport.kt:38)
	at com.intellij.openapi.application.ReadWriteActionSupport.executeReadAction$default(ReadWriteActionSupport.kt:15)
	at com.intellij.openapi.application.CoroutinesKt.constrainedReadAction(coroutines.kt:62)
	at com.intellij.openapi.application.CoroutinesKt.readAction(coroutines.kt:29)
	at com.intellij.platform.backend.documentation.impl.ImplKt$computeDocumentation$2.invokeSuspend(impl.kt:32)
	at com.intellij.platform.backend.documentation.impl.ImplKt$computeDocumentation$2.invoke(impl.kt)
	at com.intellij.platform.backend.documentation.impl.ImplKt$computeDocumentation$2.invoke(impl.kt)
	at kotlinx.coroutines.intrinsics.UndispatchedKt.startUndispatchedOrReturn(Undispatched.kt:62)
	at kotlinx.coroutines.BuildersKt__Builders_commonKt.withContext(Builders.common.kt:163)
	at kotlinx.coroutines.BuildersKt.withContext(Unknown Source)
	at com.intellij.platform.backend.documentation.impl.ImplKt.computeDocumentation(impl.kt:30)
	at com.intellij.lang.documentation.ide.impl.DocumentationPage.loadPage(DocumentationPage.kt:41)
	at com.intellij.lang.documentation.ide.impl.DocumentationBrowser.handleBrowserRequest(DocumentationBrowser.kt:102)
	at com.intellij.lang.documentation.ide.impl.DocumentationBrowser.access$handleBrowserRequest(DocumentationBrowser.kt:29)
	at com.intellij.lang.documentation.ide.impl.DocumentationBrowser$1$1.invokeSuspend(DocumentationBrowser.kt:54)
	at com.intellij.lang.documentation.ide.impl.DocumentationBrowser$1$1.invoke(DocumentationBrowser.kt)
	at com.intellij.lang.documentation.ide.impl.DocumentationBrowser$1$1.invoke(DocumentationBrowser.kt)
	at kotlinx.coroutines.flow.FlowKt__MergeKt$mapLatest$1.invokeSuspend(Merge.kt:213)
	at kotlinx.coroutines.flow.FlowKt__MergeKt$mapLatest$1.invoke(Merge.kt)
	at kotlinx.coroutines.flow.FlowKt__MergeKt$mapLatest$1.invoke(Merge.kt)
	at kotlinx.coroutines.flow.internal.ChannelFlowTransformLatest$flowCollect$3$1$2.invokeSuspend(Merge.kt:30)
	at kotlinx.coroutines.flow.internal.ChannelFlowTransformLatest$flowCollect$3$1$2.invoke(Merge.kt)
	at kotlinx.coroutines.flow.internal.ChannelFlowTransformLatest$flowCollect$3$1$2.invoke(Merge.kt)
	at kotlinx.coroutines.intrinsics.UndispatchedKt.startCoroutineUndispatched(Undispatched.kt:27)
	at kotlinx.coroutines.CoroutineStart.invoke(CoroutineStart.kt:90)
	at kotlinx.coroutines.AbstractCoroutine.start(AbstractCoroutine.kt:123)
	at kotlinx.coroutines.BuildersKt__Builders_commonKt.launch(Builders.common.kt:52)
	at kotlinx.coroutines.BuildersKt.launch(Unknown Source)
	at kotlinx.coroutines.BuildersKt__Builders_commonKt.launch$default(Builders.common.kt:43)
	at kotlinx.coroutines.BuildersKt.launch$default(Unknown Source)
	at kotlinx.coroutines.flow.internal.ChannelFlowTransformLatest$flowCollect$3$1.emit(Merge.kt:29)
	at kotlinx.coroutines.flow.internal.FlowValueWrapperInternalKt.emitInternal(FlowValueWrapperInternal.kt:39)
	at kotlinx.coroutines.flow.SharedFlowImpl.collect$suspendImpl(SharedFlow.kt:392)
	at kotlinx.coroutines.flow.SharedFlowImpl.collect(SharedFlow.kt)
	at kotlinx.coroutines.flow.internal.ChannelFlowTransformLatest$flowCollect$3.invokeSuspend(Merge.kt:23)
	at kotlinx.coroutines.flow.internal.ChannelFlowTransformLatest$flowCollect$3.invoke(Merge.kt)
	at kotlinx.coroutines.flow.internal.ChannelFlowTransformLatest$flowCollect$3.invoke(Merge.kt)
	at kotlinx.coroutines.intrinsics.UndispatchedKt.startUndispatchedOrReturn(Undispatched.kt:62)
	at kotlinx.coroutines.CoroutineScopeKt.coroutineScope(CoroutineScope.kt:261)
	at kotlinx.coroutines.flow.internal.ChannelFlowTransformLatest.flowCollect(Merge.kt:21)
	at kotlinx.coroutines.flow.internal.ChannelFlowOperator.collectTo$suspendImpl(ChannelFlow.kt:153)
	at kotlinx.coroutines.flow.internal.ChannelFlowOperator.collectTo(ChannelFlow.kt)
	at kotlinx.coroutines.flow.internal.ChannelFlow$collectToFun$1.invokeSuspend(ChannelFlow.kt:56)
	at kotlin.coroutines.jvm.internal.BaseContinuationImpl.resumeWith(ContinuationImpl.kt:33)
	at kotlinx.coroutines.DispatchedTask.run(DispatchedTask.kt:104)
	at kotlinx.coroutines.scheduling.CoroutineScheduler.runSafely(CoroutineScheduler.kt:608)
	at kotlinx.coroutines.scheduling.CoroutineScheduler$Worker.executeTask(CoroutineScheduler.kt:873)
	at kotlinx.coroutines.scheduling.CoroutineScheduler$Worker.runWorker(CoroutineScheduler.kt:763)
	at kotlinx.coroutines.scheduling.CoroutineScheduler$Worker.run(CoroutineScheduler.kt:750)
	Suppressed: kotlinx.coroutines.internal.DiagnosticCoroutineContextException: [CoroutineName(DocumentationBrowser requests), StandaloneCoroutine{Cancelling}@3b4e9ff2, Dispatchers.Default]
Exception in thread "DefaultDispatcher-worker-10" java.lang.ClassCastException: class java.lang.String cannot be cast to class java.util.Map (java.lang.String and java.util.Map are in module java.base of loader 'bootstrap')
	at com.intellij.psi.css.impl.util.MdnDocumentationUtil.getFormattedCompatibilityData(MdnDocumentationUtil.java:39)
	at com.intellij.psi.css.impl.util.MdnDocumentationUtil.buildDoc(MdnDocumentationUtil.java:129)
	at com.intellij.psi.css.impl.util.CssDocumentationProvider.generateDoc(CssDocumentationProvider.java:328)
	at com.intellij.psi.css.impl.util.CssDocumentationProvider.generateDoc(CssDocumentationProvider.java:230)
	at com.intellij.lang.documentation.DocumentationProvider.getDocumentationParts(DocumentationProvider.java:200)
	at com.intellij.lang.documentation.CompositeDocumentationProvider.getDocumentationParts(CompositeDocumentationProvider.java:295)
	at com.intellij.lang.documentation.psi.PsiElementDocumentationTarget.localDocParts(PsiElementDocumentationTarget.kt:114)
	at com.intellij.lang.documentation.psi.PsiElementDocumentationTarget.localDoc(PsiElementDocumentationTarget.kt:97)
	at com.intellij.lang.documentation.psi.PsiElementDocumentationTarget.doComputeDocumentation(PsiElementDocumentationTarget.kt:84)
	at com.intellij.lang.documentation.psi.PsiElementDocumentationTarget.computeDocumentation$lambda$0(PsiElementDocumentationTarget.kt:78)
	at com.intellij.openapi.progress.CoroutinesKt.jobToIndicator$lambda$5(coroutines.kt:451)
	at com.intellij.openapi.progress.ProgressManager.lambda$runProcess$0(ProgressManager.java:98)
	at com.intellij.openapi.progress.impl.CoreProgressManager.lambda$runProcess$1(CoreProgressManager.java:229)
	at com.intellij.platform.diagnostic.telemetry.helpers.TraceKt.use(trace.kt:43)
	at com.intellij.openapi.progress.impl.CoreProgressManager.lambda$runProcess$2(CoreProgressManager.java:228)
	at com.intellij.openapi.progress.impl.CoreProgressManager.lambda$executeProcessUnderProgress$14(CoreProgressManager.java:680)
	at com.intellij.openapi.progress.impl.CoreProgressManager.registerIndicatorAndRun(CoreProgressManager.java:755)
	at com.intellij.openapi.progress.impl.CoreProgressManager.computeUnderProgress(CoreProgressManager.java:711)
	at com.intellij.openapi.progress.impl.CoreProgressManager.executeProcessUnderProgress(CoreProgressManager.java:679)
	at com.intellij.openapi.progress.impl.ProgressManagerImpl.executeProcessUnderProgress(ProgressManagerImpl.java:77)
	at com.intellij.openapi.progress.impl.CoreProgressManager.runProcess(CoreProgressManager.java:209)
	at com.intellij.openapi.progress.ProgressManager.runProcess(ProgressManager.java:98)
	at com.intellij.openapi.progress.CoroutinesKt.jobToIndicator(coroutines.kt:439)
	at com.intellij.openapi.progress.CoroutinesKt.contextToIndicator(coroutines.kt:431)
	at com.intellij.openapi.progress.CoroutinesKt.blockingContextToIndicator(coroutines.kt:407)
	at com.intellij.lang.documentation.psi.PsiElementDocumentationTarget.computeDocumentation(PsiElementDocumentationTarget.kt:77)
	at com.intellij.platform.backend.documentation.impl.ImplKt$computeDocumentation$2.invokeSuspend$lambda$0(impl.kt:35)
	at com.intellij.openapi.application.rw.InternalReadAction.insideReadAction(InternalReadAction.kt:120)
	at com.intellij.openapi.application.rw.InternalReadAction.tryReadCancellable$lambda$6(InternalReadAction.kt:110)
	at com.intellij.openapi.application.rw.CancellableReadActionKt.cancellableReadActionInternal$lambda$3$lambda$2$lambda$1(cancellableReadAction.kt:32)
	at com.intellij.openapi.application.impl.AnyThreadWriteThreadingSupport.tryRunReadAction$lambda$11(AnyThreadWriteThreadingSupport.kt:522)
	at com.intellij.openapi.application.impl.AnyThreadWriteThreadingSupport.runWithTemporaryThreadLocal(AnyThreadWriteThreadingSupport.kt:204)
	at com.intellij.openapi.application.impl.AnyThreadWriteThreadingSupport.tryRunReadAction(AnyThreadWriteThreadingSupport.kt:522)
	at com.intellij.openapi.application.impl.ApplicationImpl.tryRunReadAction(ApplicationImpl.java:1064)
	at com.intellij.openapi.application.rw.CancellableReadActionKt.cancellableReadActionInternal$lambda$3$lambda$2(cancellableReadAction.kt:30)
	at com.intellij.openapi.progress.util.ProgressIndicatorUtilService.runActionAndCancelBeforeWrite(ProgressIndicatorUtilService.java:73)
	at com.intellij.openapi.progress.util.ProgressIndicatorUtils.runActionAndCancelBeforeWrite(ProgressIndicatorUtils.java:152)
	at com.intellij.openapi.application.rw.CancellableReadActionKt.cancellableReadActionInternal(cancellableReadAction.kt:28)
	at com.intellij.openapi.application.rw.InternalReadAction.tryReadCancellable(InternalReadAction.kt:109)
	at com.intellij.openapi.application.rw.InternalReadAction.tryReadAction(InternalReadAction.kt:93)
	at com.intellij.openapi.application.rw.InternalReadAction.readLoop(InternalReadAction.kt:80)
	at com.intellij.openapi.application.rw.InternalReadAction.access$readLoop(InternalReadAction.kt:17)
	at com.intellij.openapi.application.rw.InternalReadAction$runReadAction$7.invokeSuspend(InternalReadAction.kt:59)
	at com.intellij.openapi.application.rw.InternalReadAction$runReadAction$7.invoke(InternalReadAction.kt)
	at com.intellij.openapi.application.rw.InternalReadAction$runReadAction$7.invoke(InternalReadAction.kt)
	at kotlinx.coroutines.intrinsics.UndispatchedKt.startUndispatchedOrReturn(Undispatched.kt:62)
	at kotlinx.coroutines.BuildersKt__Builders_commonKt.withContext(Builders.common.kt:163)
	at kotlinx.coroutines.BuildersKt.withContext(Unknown Source)
	at com.intellij.openapi.application.rw.InternalReadAction.runReadAction(InternalReadAction.kt:55)
	at com.intellij.openapi.application.rw.PlatformReadWriteActionSupport.executeReadAction(PlatformReadWriteActionSupport.kt:38)
	at com.intellij.openapi.application.ReadWriteActionSupport.executeReadAction$default(ReadWriteActionSupport.kt:15)
	at com.intellij.openapi.application.CoroutinesKt.constrainedReadAction(coroutines.kt:62)
	at com.intellij.openapi.application.CoroutinesKt.readAction(coroutines.kt:29)
	at com.intellij.platform.backend.documentation.impl.ImplKt$computeDocumentation$2.invokeSuspend(impl.kt:32)
	at com.intellij.platform.backend.documentation.impl.ImplKt$computeDocumentation$2.invoke(impl.kt)
	at com.intellij.platform.backend.documentation.impl.ImplKt$computeDocumentation$2.invoke(impl.kt)
	at kotlinx.coroutines.intrinsics.UndispatchedKt.startUndispatchedOrReturn(Undispatched.kt:62)
	at kotlinx.coroutines.BuildersKt__Builders_commonKt.withContext(Builders.common.kt:163)
	at kotlinx.coroutines.BuildersKt.withContext(Unknown Source)
	at com.intellij.platform.backend.documentation.impl.ImplKt.computeDocumentation(impl.kt:30)
	at com.intellij.lang.documentation.ide.impl.DocumentationPage.loadPage(DocumentationPage.kt:41)
	at com.intellij.lang.documentation.ide.impl.DocumentationBrowser.handleLoadRequest(DocumentationBrowser.kt:119)
	at com.intellij.lang.documentation.ide.impl.DocumentationBrowser.access$handleLoadRequest(DocumentationBrowser.kt:29)
	at com.intellij.lang.documentation.ide.impl.DocumentationBrowser$handleLoadRequest$1.invokeSuspend(DocumentationBrowser.kt)
	at kotlin.coroutines.jvm.internal.BaseContinuationImpl.resumeWith(ContinuationImpl.kt:33)
	at kotlinx.coroutines.DispatchedTask.run(DispatchedTask.kt:104)
	at kotlinx.coroutines.scheduling.CoroutineScheduler.runSafely(CoroutineScheduler.kt:608)
	at kotlinx.coroutines.scheduling.CoroutineScheduler$Worker.executeTask(CoroutineScheduler.kt:873)
	at kotlinx.coroutines.scheduling.CoroutineScheduler$Worker.runWorker(CoroutineScheduler.kt:763)
	at kotlinx.coroutines.scheduling.CoroutineScheduler$Worker.run(CoroutineScheduler.kt:750)
	Suppressed: kotlinx.coroutines.internal.DiagnosticCoroutineContextException: [CoroutineName(DocumentationBrowser requests), StandaloneCoroutine{Cancelling}@1cb0cf77, Dispatchers.Default]
2025-04-29 20:51:48,054 [6887024]   WARN - #com.github.shubham076.themes.listeners.MyApplicationActivationListener - Don't forget to remove all non-needed sample code files with their corresponding registration entries in `plugin.xml`.
2025-04-29 20:51:50,586 [6889556]   WARN - #com.github.shubham076.themes.listeners.MyApplicationActivationListener - Don't forget to remove all non-needed sample code files with their corresponding registration entries in `plugin.xml`.
2025-04-29 20:52:43,558 [6942528]   WARN - #com.github.shubham076.themes.listeners.MyApplicationActivationListener - Don't forget to remove all non-needed sample code files with their corresponding registration entries in `plugin.xml`.
2025-04-29 20:52:59,281 [6958251]   WARN - #com.github.shubham076.themes.listeners.MyApplicationActivationListener - Don't forget to remove all non-needed sample code files with their corresponding registration entries in `plugin.xml`.
2025-04-29 20:53:42,122 [7001092]   WARN - #com.github.shubham076.themes.listeners.MyApplicationActivationListener - Don't forget to remove all non-needed sample code files with their corresponding registration entries in `plugin.xml`.
2025-04-29 20:53:50,970 [7009940]   WARN - #com.github.shubham076.themes.listeners.MyApplicationActivationListener - Don't forget to remove all non-needed sample code files with their corresponding registration entries in `plugin.xml`.
2025-04-29 20:53:53,258 [7012228]   WARN - #com.github.shubham076.themes.listeners.MyApplicationActivationListener - Don't forget to remove all non-needed sample code files with their corresponding registration entries in `plugin.xml`.
2025-04-29 20:53:56,673 [7015643]   WARN - #com.github.shubham076.themes.listeners.MyApplicationActivationListener - Don't forget to remove all non-needed sample code files with their corresponding registration entries in `plugin.xml`.
2025-04-29 20:54:00,588 [7019558]   WARN - #com.github.shubham076.themes.listeners.MyApplicationActivationListener - Don't forget to remove all non-needed sample code files with their corresponding registration entries in `plugin.xml`.
2025-04-29 20:54:04,415 [7023385]   WARN - #com.github.shubham076.themes.listeners.MyApplicationActivationListener - Don't forget to remove all non-needed sample code files with their corresponding registration entries in `plugin.xml`.
2025-04-29 20:54:14,702 [7033672]   WARN - #com.github.shubham076.themes.listeners.MyApplicationActivationListener - Don't forget to remove all non-needed sample code files with their corresponding registration entries in `plugin.xml`.
2025-04-29 20:54:20,962 [7039932]   WARN - #com.github.shubham076.themes.listeners.MyApplicationActivationListener - Don't forget to remove all non-needed sample code files with their corresponding registration entries in `plugin.xml`.
2025-04-29 20:54:48,699 [7067669]   WARN - #com.github.shubham076.themes.listeners.MyApplicationActivationListener - Don't forget to remove all non-needed sample code files with their corresponding registration entries in `plugin.xml`.
2025-04-29 20:54:54,288 [7073258]   WARN - #com.github.shubham076.themes.listeners.MyApplicationActivationListener - Don't forget to remove all non-needed sample code files with their corresponding registration entries in `plugin.xml`.
2025-04-29 20:55:03,436 [7082406]   WARN - #com.github.shubham076.themes.listeners.MyApplicationActivationListener - Don't forget to remove all non-needed sample code files with their corresponding registration entries in `plugin.xml`.
2025-04-29 20:55:09,296 [7088266]   WARN - #com.github.shubham076.themes.listeners.MyApplicationActivationListener - Don't forget to remove all non-needed sample code files with their corresponding registration entries in `plugin.xml`.
2025-04-29 20:55:25,692 [7104662]   WARN - #com.github.shubham076.themes.listeners.MyApplicationActivationListener - Don't forget to remove all non-needed sample code files with their corresponding registration entries in `plugin.xml`.
2025-04-29 20:55:31,644 [7110614]   WARN - #com.github.shubham076.themes.listeners.MyApplicationActivationListener - Don't forget to remove all non-needed sample code files with their corresponding registration entries in `plugin.xml`.
2025-04-29 20:55:35,998 [7114968]   WARN - #com.github.shubham076.themes.listeners.MyApplicationActivationListener - Don't forget to remove all non-needed sample code files with their corresponding registration entries in `plugin.xml`.
2025-04-29 20:55:47,340 [7126310]   WARN - #com.github.shubham076.themes.listeners.MyApplicationActivationListener - Don't forget to remove all non-needed sample code files with their corresponding registration entries in `plugin.xml`.
2025-04-29 20:56:05,373 [7144343]   WARN - #com.github.shubham076.themes.listeners.MyApplicationActivationListener - Don't forget to remove all non-needed sample code files with their corresponding registration entries in `plugin.xml`.
2025-04-29 20:56:26,085 [7165055]   WARN - #com.github.shubham076.themes.listeners.MyApplicationActivationListener - Don't forget to remove all non-needed sample code files with their corresponding registration entries in `plugin.xml`.
2025-04-29 20:57:13,109 [7212079]   WARN - #com.github.shubham076.themes.listeners.MyApplicationActivationListener - Don't forget to remove all non-needed sample code files with their corresponding registration entries in `plugin.xml`.
2025-04-29 20:57:42,214 [7241184]   WARN - #com.github.shubham076.themes.listeners.MyApplicationActivationListener - Don't forget to remove all non-needed sample code files with their corresponding registration entries in `plugin.xml`.
2025-04-29 20:57:58,649 [7257619]   WARN - #com.github.shubham076.themes.listeners.MyApplicationActivationListener - Don't forget to remove all non-needed sample code files with their corresponding registration entries in `plugin.xml`.
2025-04-29 20:58:13,084 [7272054]   WARN - #com.github.shubham076.themes.listeners.MyApplicationActivationListener - Don't forget to remove all non-needed sample code files with their corresponding registration entries in `plugin.xml`.
2025-04-29 20:58:37,669 [7296639]   WARN - #com.github.shubham076.themes.listeners.MyApplicationActivationListener - Don't forget to remove all non-needed sample code files with their corresponding registration entries in `plugin.xml`.
2025-04-29 20:58:52,842 [7311812]   WARN - #com.github.shubham076.themes.listeners.MyApplicationActivationListener - Don't forget to remove all non-needed sample code files with their corresponding registration entries in `plugin.xml`.
2025-04-29 20:59:09,620 [7328590]   WARN - #com.github.shubham076.themes.listeners.MyApplicationActivationListener - Don't forget to remove all non-needed sample code files with their corresponding registration entries in `plugin.xml`.
2025-04-29 20:59:19,608 [7338578]   WARN - #com.github.shubham076.themes.listeners.MyApplicationActivationListener - Don't forget to remove all non-needed sample code files with their corresponding registration entries in `plugin.xml`.
2025-04-29 20:59:53,809 [7372779]   WARN - #com.github.shubham076.themes.listeners.MyApplicationActivationListener - Don't forget to remove all non-needed sample code files with their corresponding registration entries in `plugin.xml`.
2025-04-29 20:59:55,129 [7374099]   WARN - #com.github.shubham076.themes.listeners.MyApplicationActivationListener - Don't forget to remove all non-needed sample code files with their corresponding registration entries in `plugin.xml`.
2025-04-29 21:00:02,971 [7381941]   WARN - #com.github.shubham076.themes.listeners.MyApplicationActivationListener - Don't forget to remove all non-needed sample code files with their corresponding registration entries in `plugin.xml`.
2025-04-29 21:00:09,066 [7388036]   WARN - #com.github.shubham076.themes.listeners.MyApplicationActivationListener - Don't forget to remove all non-needed sample code files with their corresponding registration entries in `plugin.xml`.
2025-04-29 21:00:29,093 [7408063]   WARN - #com.github.shubham076.themes.listeners.MyApplicationActivationListener - Don't forget to remove all non-needed sample code files with their corresponding registration entries in `plugin.xml`.
2025-04-29 21:00:44,908 [7423878]   WARN - #com.github.shubham076.themes.listeners.MyApplicationActivationListener - Don't forget to remove all non-needed sample code files with their corresponding registration entries in `plugin.xml`.
2025-04-29 21:00:49,239 [7428209]   WARN - #com.github.shubham076.themes.listeners.MyApplicationActivationListener - Don't forget to remove all non-needed sample code files with their corresponding registration entries in `plugin.xml`.
2025-04-29 21:00:51,790 [7430760]   WARN - #com.github.shubham076.themes.listeners.MyApplicationActivationListener - Don't forget to remove all non-needed sample code files with their corresponding registration entries in `plugin.xml`.
2025-04-29 21:01:03,982 [7442952]   WARN - #com.github.shubham076.themes.listeners.MyApplicationActivationListener - Don't forget to remove all non-needed sample code files with their corresponding registration entries in `plugin.xml`.
2025-04-29 21:01:19,340 [7458310]   WARN - #com.github.shubham076.themes.listeners.MyApplicationActivationListener - Don't forget to remove all non-needed sample code files with their corresponding registration entries in `plugin.xml`.
2025-04-29 21:01:26,154 [7465124]   WARN - #com.github.shubham076.themes.listeners.MyApplicationActivationListener - Don't forget to remove all non-needed sample code files with their corresponding registration entries in `plugin.xml`.
2025-04-29 21:01:35,736 [7474706]   WARN - #com.github.shubham076.themes.listeners.MyApplicationActivationListener - Don't forget to remove all non-needed sample code files with their corresponding registration entries in `plugin.xml`.
2025-04-29 21:01:37,042 [7476012]   WARN - #com.github.shubham076.themes.listeners.MyApplicationActivationListener - Don't forget to remove all non-needed sample code files with their corresponding registration entries in `plugin.xml`.
2025-04-29 21:01:38,978 [7477948]   WARN - #com.github.shubham076.themes.listeners.MyApplicationActivationListener - Don't forget to remove all non-needed sample code files with their corresponding registration entries in `plugin.xml`.
2025-04-29 21:01:50,614 [7489584]   WARN - #com.github.shubham076.themes.listeners.MyApplicationActivationListener - Don't forget to remove all non-needed sample code files with their corresponding registration entries in `plugin.xml`.
2025-04-29 21:02:11,553 [7510523]   WARN - #com.github.shubham076.themes.listeners.MyApplicationActivationListener - Don't forget to remove all non-needed sample code files with their corresponding registration entries in `plugin.xml`.
2025-04-29 21:02:26,846 [7525816]   WARN - #com.github.shubham076.themes.listeners.MyApplicationActivationListener - Don't forget to remove all non-needed sample code files with their corresponding registration entries in `plugin.xml`.
2025-04-29 21:02:28,259 [7527229]   WARN - #com.github.shubham076.themes.listeners.MyApplicationActivationListener - Don't forget to remove all non-needed sample code files with their corresponding registration entries in `plugin.xml`.
2025-04-29 21:03:09,913 [7568883]   WARN - #com.github.shubham076.themes.listeners.MyApplicationActivationListener - Don't forget to remove all non-needed sample code files with their corresponding registration entries in `plugin.xml`.
2025-04-29 21:03:23,846 [7582816]   WARN - #com.github.shubham076.themes.listeners.MyApplicationActivationListener - Don't forget to remove all non-needed sample code files with their corresponding registration entries in `plugin.xml`.
2025-04-29 21:03:27,201 [7586171]   WARN - #com.github.shubham076.themes.listeners.MyApplicationActivationListener - Don't forget to remove all non-needed sample code files with their corresponding registration entries in `plugin.xml`.
2025-04-29 21:03:32,332 [7591302]   WARN - #com.github.shubham076.themes.listeners.MyApplicationActivationListener - Don't forget to remove all non-needed sample code files with their corresponding registration entries in `plugin.xml`.
2025-04-29 21:03:37,634 [7596604]   WARN - #com.github.shubham076.themes.listeners.MyApplicationActivationListener - Don't forget to remove all non-needed sample code files with their corresponding registration entries in `plugin.xml`.
2025-04-29 21:03:42,096 [7601066]   WARN - #com.github.shubham076.themes.listeners.MyApplicationActivationListener - Don't forget to remove all non-needed sample code files with their corresponding registration entries in `plugin.xml`.
2025-04-29 21:04:17,926 [7636896]   WARN - #com.github.shubham076.themes.listeners.MyApplicationActivationListener - Don't forget to remove all non-needed sample code files with their corresponding registration entries in `plugin.xml`.
2025-04-29 21:04:29,004 [7647974]   WARN - #com.github.shubham076.themes.listeners.MyApplicationActivationListener - Don't forget to remove all non-needed sample code files with their corresponding registration entries in `plugin.xml`.
2025-04-29 21:05:01,017 [7679987]   WARN - #com.github.shubham076.themes.listeners.MyApplicationActivationListener - Don't forget to remove all non-needed sample code files with their corresponding registration entries in `plugin.xml`.
2025-04-29 21:05:45,976 [7724946]   WARN - #com.github.shubham076.themes.listeners.MyApplicationActivationListener - Don't forget to remove all non-needed sample code files with their corresponding registration entries in `plugin.xml`.
2025-04-29 21:05:48,009 [7726979]   WARN - #com.github.shubham076.themes.listeners.MyApplicationActivationListener - Don't forget to remove all non-needed sample code files with their corresponding registration entries in `plugin.xml`.
2025-04-29 21:06:16,344 [7755314]   WARN - #com.github.shubham076.themes.listeners.MyApplicationActivationListener - Don't forget to remove all non-needed sample code files with their corresponding registration entries in `plugin.xml`.
2025-04-29 21:06:30,974 [7769944]   WARN - #com.github.shubham076.themes.listeners.MyApplicationActivationListener - Don't forget to remove all non-needed sample code files with their corresponding registration entries in `plugin.xml`.
2025-04-29 21:06:33,562 [7772532]   WARN - #com.github.shubham076.themes.listeners.MyApplicationActivationListener - Don't forget to remove all non-needed sample code files with their corresponding registration entries in `plugin.xml`.
2025-04-29 21:06:37,019 [7775989]   WARN - #com.github.shubham076.themes.listeners.MyApplicationActivationListener - Don't forget to remove all non-needed sample code files with their corresponding registration entries in `plugin.xml`.
2025-04-29 21:06:39,576 [7778546]   WARN - #com.github.shubham076.themes.listeners.MyApplicationActivationListener - Don't forget to remove all non-needed sample code files with their corresponding registration entries in `plugin.xml`.
2025-04-29 21:06:43,132 [7782102]   WARN - #com.github.shubham076.themes.listeners.MyApplicationActivationListener - Don't forget to remove all non-needed sample code files with their corresponding registration entries in `plugin.xml`.
2025-04-29 21:06:50,343 [7789313]   WARN - #com.github.shubham076.themes.listeners.MyApplicationActivationListener - Don't forget to remove all non-needed sample code files with their corresponding registration entries in `plugin.xml`.
2025-04-29 21:07:01,657 [7800627]   WARN - #com.github.shubham076.themes.listeners.MyApplicationActivationListener - Don't forget to remove all non-needed sample code files with their corresponding registration entries in `plugin.xml`.
2025-04-29 21:07:03,226 [7802196]   WARN - #com.github.shubham076.themes.listeners.MyApplicationActivationListener - Don't forget to remove all non-needed sample code files with their corresponding registration entries in `plugin.xml`.
2025-04-29 21:07:05,200 [7804170]   WARN - #com.github.shubham076.themes.listeners.MyApplicationActivationListener - Don't forget to remove all non-needed sample code files with their corresponding registration entries in `plugin.xml`.
2025-04-29 21:07:06,615 [7805585]   WARN - #com.github.shubham076.themes.listeners.MyApplicationActivationListener - Don't forget to remove all non-needed sample code files with their corresponding registration entries in `plugin.xml`.
2025-04-29 21:07:10,330 [7809300]   WARN - #com.github.shubham076.themes.listeners.MyApplicationActivationListener - Don't forget to remove all non-needed sample code files with their corresponding registration entries in `plugin.xml`.
2025-04-29 21:07:20,989 [7819959]   WARN - #com.github.shubham076.themes.listeners.MyApplicationActivationListener - Don't forget to remove all non-needed sample code files with their corresponding registration entries in `plugin.xml`.
2025-04-29 21:07:37,856 [7836826]   WARN - #com.github.shubham076.themes.listeners.MyApplicationActivationListener - Don't forget to remove all non-needed sample code files with their corresponding registration entries in `plugin.xml`.
2025-04-29 21:08:01,609 [7860579]   WARN - #com.github.shubham076.themes.listeners.MyApplicationActivationListener - Don't forget to remove all non-needed sample code files with their corresponding registration entries in `plugin.xml`.
2025-04-29 21:08:14,815 [7873785]   WARN - #com.github.shubham076.themes.listeners.MyApplicationActivationListener - Don't forget to remove all non-needed sample code files with their corresponding registration entries in `plugin.xml`.
2025-04-29 21:08:23,729 [7882699]   WARN - #com.github.shubham076.themes.listeners.MyApplicationActivationListener - Don't forget to remove all non-needed sample code files with their corresponding registration entries in `plugin.xml`.
2025-04-29 21:09:30,747 [7949717]   WARN - #com.github.shubham076.themes.listeners.MyApplicationActivationListener - Don't forget to remove all non-needed sample code files with their corresponding registration entries in `plugin.xml`.
2025-04-29 21:09:48,879 [7967849]   WARN - #com.github.shubham076.themes.listeners.MyApplicationActivationListener - Don't forget to remove all non-needed sample code files with their corresponding registration entries in `plugin.xml`.
2025-04-29 21:10:14,769 [7993739]   WARN - #com.github.shubham076.themes.listeners.MyApplicationActivationListener - Don't forget to remove all non-needed sample code files with their corresponding registration entries in `plugin.xml`.
2025-04-29 21:10:43,231 [8022201]   WARN - #com.github.shubham076.themes.listeners.MyApplicationActivationListener - Don't forget to remove all non-needed sample code files with their corresponding registration entries in `plugin.xml`.
2025-04-29 21:10:59,461 [8038431]   WARN - #com.github.shubham076.themes.listeners.MyApplicationActivationListener - Don't forget to remove all non-needed sample code files with their corresponding registration entries in `plugin.xml`.
2025-04-29 21:11:07,994 [8046964]   WARN - #com.github.shubham076.themes.listeners.MyApplicationActivationListener - Don't forget to remove all non-needed sample code files with their corresponding registration entries in `plugin.xml`.
2025-04-29 21:11:14,582 [8053552]   WARN - #com.github.shubham076.themes.listeners.MyApplicationActivationListener - Don't forget to remove all non-needed sample code files with their corresponding registration entries in `plugin.xml`.
2025-04-29 21:11:37,574 [8076544]   WARN - #com.github.shubham076.themes.listeners.MyApplicationActivationListener - Don't forget to remove all non-needed sample code files with their corresponding registration entries in `plugin.xml`.
2025-04-29 21:11:41,449 [8080419]   WARN - #com.github.shubham076.themes.listeners.MyApplicationActivationListener - Don't forget to remove all non-needed sample code files with their corresponding registration entries in `plugin.xml`.
2025-04-29 21:11:53,206 [8092176]   WARN - #com.github.shubham076.themes.listeners.MyApplicationActivationListener - Don't forget to remove all non-needed sample code files with their corresponding registration entries in `plugin.xml`.
2025-04-29 21:11:57,548 [8096518]   WARN - #com.github.shubham076.themes.listeners.MyApplicationActivationListener - Don't forget to remove all non-needed sample code files with their corresponding registration entries in `plugin.xml`.
2025-04-29 21:12:14,221 [8113191]   WARN - #com.github.shubham076.themes.listeners.MyApplicationActivationListener - Don't forget to remove all non-needed sample code files with their corresponding registration entries in `plugin.xml`.
2025-04-29 21:12:23,775 [8122745]   WARN - #com.github.shubham076.themes.listeners.MyApplicationActivationListener - Don't forget to remove all non-needed sample code files with their corresponding registration entries in `plugin.xml`.
2025-04-29 21:12:31,446 [8130416]   WARN - #com.github.shubham076.themes.listeners.MyApplicationActivationListener - Don't forget to remove all non-needed sample code files with their corresponding registration entries in `plugin.xml`.
2025-04-29 21:12:43,753 [8142723]   WARN - #com.github.shubham076.themes.listeners.MyApplicationActivationListener - Don't forget to remove all non-needed sample code files with their corresponding registration entries in `plugin.xml`.
2025-04-29 21:12:58,825 [8157795]   WARN - #com.github.shubham076.themes.listeners.MyApplicationActivationListener - Don't forget to remove all non-needed sample code files with their corresponding registration entries in `plugin.xml`.
2025-04-29 21:13:06,247 [8165217]   WARN - #com.github.shubham076.themes.listeners.MyApplicationActivationListener - Don't forget to remove all non-needed sample code files with their corresponding registration entries in `plugin.xml`.
2025-04-29 21:13:14,445 [8173415]   WARN - #com.github.shubham076.themes.listeners.MyApplicationActivationListener - Don't forget to remove all non-needed sample code files with their corresponding registration entries in `plugin.xml`.
2025-04-29 21:13:28,077 [8187047]   WARN - #com.github.shubham076.themes.listeners.MyApplicationActivationListener - Don't forget to remove all non-needed sample code files with their corresponding registration entries in `plugin.xml`.
2025-04-29 21:13:31,824 [8190794]   WARN - #com.github.shubham076.themes.listeners.MyApplicationActivationListener - Don't forget to remove all non-needed sample code files with their corresponding registration entries in `plugin.xml`.
2025-04-29 21:13:36,693 [8195663]   WARN - #com.github.shubham076.themes.listeners.MyApplicationActivationListener - Don't forget to remove all non-needed sample code files with their corresponding registration entries in `plugin.xml`.
2025-04-29 21:13:53,128 [8212098]   WARN - #com.github.shubham076.themes.listeners.MyApplicationActivationListener - Don't forget to remove all non-needed sample code files with their corresponding registration entries in `plugin.xml`.
2025-04-29 21:14:00,513 [8219483]   WARN - #com.github.shubham076.themes.listeners.MyApplicationActivationListener - Don't forget to remove all non-needed sample code files with their corresponding registration entries in `plugin.xml`.
2025-04-29 21:14:10,340 [8229310]   WARN - #com.github.shubham076.themes.listeners.MyApplicationActivationListener - Don't forget to remove all non-needed sample code files with their corresponding registration entries in `plugin.xml`.
2025-04-29 21:14:17,904 [8236874]   WARN - #com.github.shubham076.themes.listeners.MyApplicationActivationListener - Don't forget to remove all non-needed sample code files with their corresponding registration entries in `plugin.xml`.
2025-04-29 21:14:39,941 [8258911]   WARN - #com.github.shubham076.themes.listeners.MyApplicationActivationListener - Don't forget to remove all non-needed sample code files with their corresponding registration entries in `plugin.xml`.
2025-04-29 21:14:47,147 [8266117]   WARN - #com.github.shubham076.themes.listeners.MyApplicationActivationListener - Don't forget to remove all non-needed sample code files with their corresponding registration entries in `plugin.xml`.
2025-04-29 21:14:54,797 [8273767]   WARN - #com.github.shubham076.themes.listeners.MyApplicationActivationListener - Don't forget to remove all non-needed sample code files with their corresponding registration entries in `plugin.xml`.
2025-04-29 21:15:15,608 [8294578]   WARN - #com.github.shubham076.themes.listeners.MyApplicationActivationListener - Don't forget to remove all non-needed sample code files with their corresponding registration entries in `plugin.xml`.
2025-04-29 21:15:32,804 [8311774]   WARN - #com.github.shubham076.themes.listeners.MyApplicationActivationListener - Don't forget to remove all non-needed sample code files with their corresponding registration entries in `plugin.xml`.
2025-04-29 21:15:47,292 [8326262]   WARN - #com.github.shubham076.themes.listeners.MyApplicationActivationListener - Don't forget to remove all non-needed sample code files with their corresponding registration entries in `plugin.xml`.
2025-04-29 21:16:01,134 [8340104]   WARN - #com.github.shubham076.themes.listeners.MyApplicationActivationListener - Don't forget to remove all non-needed sample code files with their corresponding registration entries in `plugin.xml`.
2025-04-29 21:16:07,195 [8346165]   WARN - #com.github.shubham076.themes.listeners.MyApplicationActivationListener - Don't forget to remove all non-needed sample code files with their corresponding registration entries in `plugin.xml`.
2025-04-29 21:16:27,205 [8366175]   WARN - #com.github.shubham076.themes.listeners.MyApplicationActivationListener - Don't forget to remove all non-needed sample code files with their corresponding registration entries in `plugin.xml`.
2025-04-29 21:16:36,825 [8375795]   WARN - #com.github.shubham076.themes.listeners.MyApplicationActivationListener - Don't forget to remove all non-needed sample code files with their corresponding registration entries in `plugin.xml`.
2025-04-29 21:16:40,723 [8379693]   WARN - #com.github.shubham076.themes.listeners.MyApplicationActivationListener - Don't forget to remove all non-needed sample code files with their corresponding registration entries in `plugin.xml`.
2025-04-29 21:17:24,830 [8423800]   WARN - #com.github.shubham076.themes.listeners.MyApplicationActivationListener - Don't forget to remove all non-needed sample code files with their corresponding registration entries in `plugin.xml`.
2025-04-29 21:17:37,608 [8436578]   WARN - #com.github.shubham076.themes.listeners.MyApplicationActivationListener - Don't forget to remove all non-needed sample code files with their corresponding registration entries in `plugin.xml`.
2025-04-29 21:17:42,057 [8441027]   WARN - #com.github.shubham076.themes.listeners.MyApplicationActivationListener - Don't forget to remove all non-needed sample code files with their corresponding registration entries in `plugin.xml`.
2025-04-29 21:17:54,415 [8453385]   WARN - #com.github.shubham076.themes.listeners.MyApplicationActivationListener - Don't forget to remove all non-needed sample code files with their corresponding registration entries in `plugin.xml`.
2025-04-29 21:18:09,289 [8468259]   WARN - #com.github.shubham076.themes.listeners.MyApplicationActivationListener - Don't forget to remove all non-needed sample code files with their corresponding registration entries in `plugin.xml`.
2025-04-29 21:18:12,358 [8471328]   WARN - #com.github.shubham076.themes.listeners.MyApplicationActivationListener - Don't forget to remove all non-needed sample code files with their corresponding registration entries in `plugin.xml`.
2025-04-29 21:18:44,531 [8503501]   WARN - #com.github.shubham076.themes.listeners.MyApplicationActivationListener - Don't forget to remove all non-needed sample code files with their corresponding registration entries in `plugin.xml`.
2025-04-29 21:18:49,069 [8508039]   WARN - #com.github.shubham076.themes.listeners.MyApplicationActivationListener - Don't forget to remove all non-needed sample code files with their corresponding registration entries in `plugin.xml`.
2025-04-29 21:18:58,533 [8517503]   WARN - #com.github.shubham076.themes.listeners.MyApplicationActivationListener - Don't forget to remove all non-needed sample code files with their corresponding registration entries in `plugin.xml`.
2025-04-29 21:19:08,508 [8527478]   WARN - #com.github.shubham076.themes.listeners.MyApplicationActivationListener - Don't forget to remove all non-needed sample code files with their corresponding registration entries in `plugin.xml`.
2025-04-29 21:19:20,130 [8539100]   WARN - #com.github.shubham076.themes.listeners.MyApplicationActivationListener - Don't forget to remove all non-needed sample code files with their corresponding registration entries in `plugin.xml`.
2025-04-29 21:19:46,816 [8565786]   WARN - #com.github.shubham076.themes.listeners.MyApplicationActivationListener - Don't forget to remove all non-needed sample code files with their corresponding registration entries in `plugin.xml`.
2025-04-29 21:20:00,955 [8579925]   WARN - #com.github.shubham076.themes.listeners.MyApplicationActivationListener - Don't forget to remove all non-needed sample code files with their corresponding registration entries in `plugin.xml`.
2025-04-29 21:20:40,030 [8619000]   WARN - #com.github.shubham076.themes.listeners.MyApplicationActivationListener - Don't forget to remove all non-needed sample code files with their corresponding registration entries in `plugin.xml`.
2025-04-29 21:20:53,074 [8632044]   WARN - #com.github.shubham076.themes.listeners.MyApplicationActivationListener - Don't forget to remove all non-needed sample code files with their corresponding registration entries in `plugin.xml`.
2025-04-29 21:21:07,756 [8646726]   WARN - #com.github.shubham076.themes.listeners.MyApplicationActivationListener - Don't forget to remove all non-needed sample code files with their corresponding registration entries in `plugin.xml`.
2025-04-29 21:21:20,422 [8659392]   WARN - #com.github.shubham076.themes.listeners.MyApplicationActivationListener - Don't forget to remove all non-needed sample code files with their corresponding registration entries in `plugin.xml`.
2025-04-29 21:21:23,498 [8662468]   WARN - #com.github.shubham076.themes.listeners.MyApplicationActivationListener - Don't forget to remove all non-needed sample code files with their corresponding registration entries in `plugin.xml`.
2025-04-29 21:21:31,490 [8670460]   WARN - #com.github.shubham076.themes.listeners.MyApplicationActivationListener - Don't forget to remove all non-needed sample code files with their corresponding registration entries in `plugin.xml`.
2025-04-29 21:23:50,262 [8809232]   WARN - #com.github.shubham076.themes.listeners.MyApplicationActivationListener - Don't forget to remove all non-needed sample code files with their corresponding registration entries in `plugin.xml`.
2025-04-29 21:23:59,250 [8818220]   WARN - #com.github.shubham076.themes.listeners.MyApplicationActivationListener - Don't forget to remove all non-needed sample code files with their corresponding registration entries in `plugin.xml`.
2025-04-29 21:24:11,078 [8830048]   WARN - #com.github.shubham076.themes.listeners.MyApplicationActivationListener - Don't forget to remove all non-needed sample code files with their corresponding registration entries in `plugin.xml`.
2025-04-29 21:24:21,713 [8840683]   WARN - #com.github.shubham076.themes.listeners.MyApplicationActivationListener - Don't forget to remove all non-needed sample code files with their corresponding registration entries in `plugin.xml`.
2025-04-29 21:24:44,288 [8863258]   WARN - #com.github.shubham076.themes.listeners.MyApplicationActivationListener - Don't forget to remove all non-needed sample code files with their corresponding registration entries in `plugin.xml`.
2025-04-29 21:25:15,775 [8894745]   WARN - #com.github.shubham076.themes.listeners.MyApplicationActivationListener - Don't forget to remove all non-needed sample code files with their corresponding registration entries in `plugin.xml`.
2025-04-29 21:25:35,019 [8913989]   WARN - #com.github.shubham076.themes.listeners.MyApplicationActivationListener - Don't forget to remove all non-needed sample code files with their corresponding registration entries in `plugin.xml`.
2025-04-29 21:25:44,588 [8923558]   WARN - #com.github.shubham076.themes.listeners.MyApplicationActivationListener - Don't forget to remove all non-needed sample code files with their corresponding registration entries in `plugin.xml`.
2025-04-29 21:25:58,169 [8937139]   WARN - #com.github.shubham076.themes.listeners.MyApplicationActivationListener - Don't forget to remove all non-needed sample code files with their corresponding registration entries in `plugin.xml`.
2025-04-29 21:26:07,609 [8946579]   WARN - #com.github.shubham076.themes.listeners.MyApplicationActivationListener - Don't forget to remove all non-needed sample code files with their corresponding registration entries in `plugin.xml`.
2025-04-29 21:26:39,799 [8978769]   WARN - #com.github.shubham076.themes.listeners.MyApplicationActivationListener - Don't forget to remove all non-needed sample code files with their corresponding registration entries in `plugin.xml`.
2025-04-29 21:26:49,342 [8988312]   WARN - #com.github.shubham076.themes.listeners.MyApplicationActivationListener - Don't forget to remove all non-needed sample code files with their corresponding registration entries in `plugin.xml`.
2025-04-29 21:27:06,920 [9005890]   WARN - #com.github.shubham076.themes.listeners.MyApplicationActivationListener - Don't forget to remove all non-needed sample code files with their corresponding registration entries in `plugin.xml`.
2025-04-29 21:27:10,774 [9009744]   WARN - #com.github.shubham076.themes.listeners.MyApplicationActivationListener - Don't forget to remove all non-needed sample code files with their corresponding registration entries in `plugin.xml`.
2025-04-29 21:27:13,527 [9012497]   WARN - #com.github.shubham076.themes.listeners.MyApplicationActivationListener - Don't forget to remove all non-needed sample code files with their corresponding registration entries in `plugin.xml`.
2025-04-29 21:27:17,209 [9016179]   WARN - #com.github.shubham076.themes.listeners.MyApplicationActivationListener - Don't forget to remove all non-needed sample code files with their corresponding registration entries in `plugin.xml`.
2025-04-29 21:27:19,955 [9018925]   WARN - #com.github.shubham076.themes.listeners.MyApplicationActivationListener - Don't forget to remove all non-needed sample code files with their corresponding registration entries in `plugin.xml`.
2025-04-29 21:27:28,411 [9027381]   WARN - #com.github.shubham076.themes.listeners.MyApplicationActivationListener - Don't forget to remove all non-needed sample code files with their corresponding registration entries in `plugin.xml`.
2025-04-29 21:27:33,890 [9032860]   WARN - #com.github.shubham076.themes.listeners.MyApplicationActivationListener - Don't forget to remove all non-needed sample code files with their corresponding registration entries in `plugin.xml`.
2025-04-29 21:27:47,223 [9046193]   WARN - #com.github.shubham076.themes.listeners.MyApplicationActivationListener - Don't forget to remove all non-needed sample code files with their corresponding registration entries in `plugin.xml`.
2025-04-29 21:28:00,388 [9059358]   WARN - #com.github.shubham076.themes.listeners.MyApplicationActivationListener - Don't forget to remove all non-needed sample code files with their corresponding registration entries in `plugin.xml`.
2025-04-29 21:28:26,702 [9085672]   WARN - #com.github.shubham076.themes.listeners.MyApplicationActivationListener - Don't forget to remove all non-needed sample code files with their corresponding registration entries in `plugin.xml`.
2025-04-29 21:28:42,920 [9101890]   WARN - #com.github.shubham076.themes.listeners.MyApplicationActivationListener - Don't forget to remove all non-needed sample code files with their corresponding registration entries in `plugin.xml`.
2025-04-29 21:28:52,052 [9111022]   WARN - #com.github.shubham076.themes.listeners.MyApplicationActivationListener - Don't forget to remove all non-needed sample code files with their corresponding registration entries in `plugin.xml`.
2025-04-29 21:29:11,741 [9130711]   WARN - #com.github.shubham076.themes.listeners.MyApplicationActivationListener - Don't forget to remove all non-needed sample code files with their corresponding registration entries in `plugin.xml`.
2025-04-29 21:30:07,337 [9186307]   WARN - #com.github.shubham076.themes.listeners.MyApplicationActivationListener - Don't forget to remove all non-needed sample code files with their corresponding registration entries in `plugin.xml`.
2025-04-29 21:30:25,820 [9204790]   WARN - #com.github.shubham076.themes.listeners.MyApplicationActivationListener - Don't forget to remove all non-needed sample code files with their corresponding registration entries in `plugin.xml`.
2025-04-29 21:30:32,890 [9211860]   WARN - #com.github.shubham076.themes.listeners.MyApplicationActivationListener - Don't forget to remove all non-needed sample code files with their corresponding registration entries in `plugin.xml`.
2025-04-29 21:31:03,974 [9242944]   WARN - #com.github.shubham076.themes.listeners.MyApplicationActivationListener - Don't forget to remove all non-needed sample code files with their corresponding registration entries in `plugin.xml`.
2025-04-29 21:32:12,161 [9311131]   WARN - #com.github.shubham076.themes.listeners.MyApplicationActivationListener - Don't forget to remove all non-needed sample code files with their corresponding registration entries in `plugin.xml`.
2025-04-29 21:32:21,772 [9320742]   WARN - #com.github.shubham076.themes.listeners.MyApplicationActivationListener - Don't forget to remove all non-needed sample code files with their corresponding registration entries in `plugin.xml`.
2025-04-29 21:32:26,747 [9325717]   WARN - #com.github.shubham076.themes.listeners.MyApplicationActivationListener - Don't forget to remove all non-needed sample code files with their corresponding registration entries in `plugin.xml`.
2025-04-29 21:32:46,152 [9345122]   WARN - #com.github.shubham076.themes.listeners.MyApplicationActivationListener - Don't forget to remove all non-needed sample code files with their corresponding registration entries in `plugin.xml`.
2025-04-29 21:32:58,167 [9357137]   WARN - #com.github.shubham076.themes.listeners.MyApplicationActivationListener - Don't forget to remove all non-needed sample code files with their corresponding registration entries in `plugin.xml`.
2025-04-29 21:33:04,964 [9363934]   WARN - #com.github.shubham076.themes.listeners.MyApplicationActivationListener - Don't forget to remove all non-needed sample code files with their corresponding registration entries in `plugin.xml`.
2025-04-29 21:33:32,939 [9391909]   WARN - #com.github.shubham076.themes.listeners.MyApplicationActivationListener - Don't forget to remove all non-needed sample code files with their corresponding registration entries in `plugin.xml`.
2025-04-29 21:33:39,982 [9398952]   WARN - #com.github.shubham076.themes.listeners.MyApplicationActivationListener - Don't forget to remove all non-needed sample code files with their corresponding registration entries in `plugin.xml`.
2025-04-29 21:33:53,588 [9412558]   WARN - #com.github.shubham076.themes.listeners.MyApplicationActivationListener - Don't forget to remove all non-needed sample code files with their corresponding registration entries in `plugin.xml`.
2025-04-29 21:33:57,053 [9416023]   WARN - #com.github.shubham076.themes.listeners.MyApplicationActivationListener - Don't forget to remove all non-needed sample code files with their corresponding registration entries in `plugin.xml`.
2025-04-29 21:33:59,605 [9418575]   WARN - #com.github.shubham076.themes.listeners.MyApplicationActivationListener - Don't forget to remove all non-needed sample code files with their corresponding registration entries in `plugin.xml`.
2025-04-29 21:34:12,813 [9431783]   WARN - #com.github.shubham076.themes.listeners.MyApplicationActivationListener - Don't forget to remove all non-needed sample code files with their corresponding registration entries in `plugin.xml`.
2025-04-29 21:34:31,256 [9450226]   WARN - #com.github.shubham076.themes.listeners.MyApplicationActivationListener - Don't forget to remove all non-needed sample code files with their corresponding registration entries in `plugin.xml`.
2025-04-29 21:34:38,012 [9456982]   WARN - #com.github.shubham076.themes.listeners.MyApplicationActivationListener - Don't forget to remove all non-needed sample code files with their corresponding registration entries in `plugin.xml`.
2025-04-29 21:34:49,338 [9468308]   WARN - #com.github.shubham076.themes.listeners.MyApplicationActivationListener - Don't forget to remove all non-needed sample code files with their corresponding registration entries in `plugin.xml`.
2025-04-29 21:34:54,330 [9473300]   WARN - #com.github.shubham076.themes.listeners.MyApplicationActivationListener - Don't forget to remove all non-needed sample code files with their corresponding registration entries in `plugin.xml`.
2025-04-29 21:34:56,617 [9475587]   WARN - #com.github.shubham076.themes.listeners.MyApplicationActivationListener - Don't forget to remove all non-needed sample code files with their corresponding registration entries in `plugin.xml`.
2025-04-29 21:34:58,598 [9477568]   WARN - #com.github.shubham076.themes.listeners.MyApplicationActivationListener - Don't forget to remove all non-needed sample code files with their corresponding registration entries in `plugin.xml`.
2025-04-29 21:35:00,784 [9479754]   WARN - #com.github.shubham076.themes.listeners.MyApplicationActivationListener - Don't forget to remove all non-needed sample code files with their corresponding registration entries in `plugin.xml`.
2025-04-29 21:35:03,045 [9482015]   WARN - #com.github.shubham076.themes.listeners.MyApplicationActivationListener - Don't forget to remove all non-needed sample code files with their corresponding registration entries in `plugin.xml`.
2025-04-29 21:35:18,134 [9497104]   WARN - #com.github.shubham076.themes.listeners.MyApplicationActivationListener - Don't forget to remove all non-needed sample code files with their corresponding registration entries in `plugin.xml`.
2025-04-29 21:35:25,907 [9504877]   WARN - #com.github.shubham076.themes.listeners.MyApplicationActivationListener - Don't forget to remove all non-needed sample code files with their corresponding registration entries in `plugin.xml`.
2025-04-29 21:35:32,298 [9511268]   WARN - #com.github.shubham076.themes.listeners.MyApplicationActivationListener - Don't forget to remove all non-needed sample code files with their corresponding registration entries in `plugin.xml`.
2025-04-29 21:35:42,976 [9521946]   WARN - #com.github.shubham076.themes.listeners.MyApplicationActivationListener - Don't forget to remove all non-needed sample code files with their corresponding registration entries in `plugin.xml`.
2025-04-29 21:35:48,959 [9527929]   WARN - #com.github.shubham076.themes.listeners.MyApplicationActivationListener - Don't forget to remove all non-needed sample code files with their corresponding registration entries in `plugin.xml`.
2025-04-29 21:35:55,574 [9534544]   WARN - #com.github.shubham076.themes.listeners.MyApplicationActivationListener - Don't forget to remove all non-needed sample code files with their corresponding registration entries in `plugin.xml`.
2025-04-29 21:37:58,814 [9657784]   WARN - #com.github.shubham076.themes.listeners.MyApplicationActivationListener - Don't forget to remove all non-needed sample code files with their corresponding registration entries in `plugin.xml`.
2025-04-29 21:38:05,300 [9664270]   WARN - #com.github.shubham076.themes.listeners.MyApplicationActivationListener - Don't forget to remove all non-needed sample code files with their corresponding registration entries in `plugin.xml`.
2025-04-29 21:38:15,045 [9674015]   WARN - #com.github.shubham076.themes.listeners.MyApplicationActivationListener - Don't forget to remove all non-needed sample code files with their corresponding registration entries in `plugin.xml`.
2025-04-29 21:38:18,522 [9677492]   WARN - #com.github.shubham076.themes.listeners.MyApplicationActivationListener - Don't forget to remove all non-needed sample code files with their corresponding registration entries in `plugin.xml`.
2025-04-29 21:38:27,612 [9686582]   WARN - #com.github.shubham076.themes.listeners.MyApplicationActivationListener - Don't forget to remove all non-needed sample code files with their corresponding registration entries in `plugin.xml`.
2025-04-29 21:38:38,154 [9697124]   WARN - #com.github.shubham076.themes.listeners.MyApplicationActivationListener - Don't forget to remove all non-needed sample code files with their corresponding registration entries in `plugin.xml`.
2025-04-29 21:38:43,363 [9702333]   WARN - #com.github.shubham076.themes.listeners.MyApplicationActivationListener - Don't forget to remove all non-needed sample code files with their corresponding registration entries in `plugin.xml`.
2025-04-29 21:38:47,041 [9706011]   WARN - #com.github.shubham076.themes.listeners.MyApplicationActivationListener - Don't forget to remove all non-needed sample code files with their corresponding registration entries in `plugin.xml`.
2025-04-29 21:38:57,712 [9716682]   WARN - #com.github.shubham076.themes.listeners.MyApplicationActivationListener - Don't forget to remove all non-needed sample code files with their corresponding registration entries in `plugin.xml`.
2025-04-29 21:39:04,382 [9723352]   WARN - #com.github.shubham076.themes.listeners.MyApplicationActivationListener - Don't forget to remove all non-needed sample code files with their corresponding registration entries in `plugin.xml`.
2025-04-29 21:39:15,818 [9734788]   WARN - #com.github.shubham076.themes.listeners.MyApplicationActivationListener - Don't forget to remove all non-needed sample code files with their corresponding registration entries in `plugin.xml`.
2025-04-29 21:39:27,439 [9746409]   WARN - #com.github.shubham076.themes.listeners.MyApplicationActivationListener - Don't forget to remove all non-needed sample code files with their corresponding registration entries in `plugin.xml`.
2025-04-29 21:39:39,282 [9758252]   WARN - #com.github.shubham076.themes.listeners.MyApplicationActivationListener - Don't forget to remove all non-needed sample code files with their corresponding registration entries in `plugin.xml`.
2025-04-29 21:39:54,768 [9773738]   WARN - #com.github.shubham076.themes.listeners.MyApplicationActivationListener - Don't forget to remove all non-needed sample code files with their corresponding registration entries in `plugin.xml`.
2025-04-29 21:40:01,238 [9780208]   WARN - #com.github.shubham076.themes.listeners.MyApplicationActivationListener - Don't forget to remove all non-needed sample code files with their corresponding registration entries in `plugin.xml`.
2025-04-29 21:40:12,297 [9791267]   WARN - #com.github.shubham076.themes.listeners.MyApplicationActivationListener - Don't forget to remove all non-needed sample code files with their corresponding registration entries in `plugin.xml`.
2025-04-29 21:40:22,390 [9801360]   WARN - #com.github.shubham076.themes.listeners.MyApplicationActivationListener - Don't forget to remove all non-needed sample code files with their corresponding registration entries in `plugin.xml`.
2025-04-29 21:40:28,197 [9807167]   WARN - #com.github.shubham076.themes.listeners.MyApplicationActivationListener - Don't forget to remove all non-needed sample code files with their corresponding registration entries in `plugin.xml`.
2025-04-29 21:40:46,835 [9825805]   WARN - #com.github.shubham076.themes.listeners.MyApplicationActivationListener - Don't forget to remove all non-needed sample code files with their corresponding registration entries in `plugin.xml`.
2025-04-29 21:40:59,767 [9838737]   WARN - #com.github.shubham076.themes.listeners.MyApplicationActivationListener - Don't forget to remove all non-needed sample code files with their corresponding registration entries in `plugin.xml`.
2025-04-29 21:41:11,860 [9850830]   WARN - #com.github.shubham076.themes.listeners.MyApplicationActivationListener - Don't forget to remove all non-needed sample code files with their corresponding registration entries in `plugin.xml`.
2025-04-29 21:41:14,336 [9853306]   WARN - #com.github.shubham076.themes.listeners.MyApplicationActivationListener - Don't forget to remove all non-needed sample code files with their corresponding registration entries in `plugin.xml`.
2025-04-29 21:41:42,913 [9881883]   WARN - #com.github.shubham076.themes.listeners.MyApplicationActivationListener - Don't forget to remove all non-needed sample code files with their corresponding registration entries in `plugin.xml`.
2025-04-29 21:41:50,789 [9889759]   WARN - #com.github.shubham076.themes.listeners.MyApplicationActivationListener - Don't forget to remove all non-needed sample code files with their corresponding registration entries in `plugin.xml`.
2025-04-29 21:41:57,323 [9896293]   WARN - #com.github.shubham076.themes.listeners.MyApplicationActivationListener - Don't forget to remove all non-needed sample code files with their corresponding registration entries in `plugin.xml`.
2025-04-29 21:42:06,361 [9905331]   WARN - #com.github.shubham076.themes.listeners.MyApplicationActivationListener - Don't forget to remove all non-needed sample code files with their corresponding registration entries in `plugin.xml`.
2025-04-29 21:42:15,445 [9914415]   WARN - #com.github.shubham076.themes.listeners.MyApplicationActivationListener - Don't forget to remove all non-needed sample code files with their corresponding registration entries in `plugin.xml`.
2025-04-29 21:42:25,100 [9924070]   WARN - #com.github.shubham076.themes.listeners.MyApplicationActivationListener - Don't forget to remove all non-needed sample code files with their corresponding registration entries in `plugin.xml`.
2025-04-29 21:42:38,148 [9937118]   WARN - #com.github.shubham076.themes.listeners.MyApplicationActivationListener - Don't forget to remove all non-needed sample code files with their corresponding registration entries in `plugin.xml`.
2025-04-29 21:43:04,867 [9963837]   WARN - #com.github.shubham076.themes.listeners.MyApplicationActivationListener - Don't forget to remove all non-needed sample code files with their corresponding registration entries in `plugin.xml`.
2025-04-29 21:43:20,724 [9979694]   WARN - #com.github.shubham076.themes.listeners.MyApplicationActivationListener - Don't forget to remove all non-needed sample code files with their corresponding registration entries in `plugin.xml`.
2025-04-29 21:43:34,493 [9993463]   WARN - #com.github.shubham076.themes.listeners.MyApplicationActivationListener - Don't forget to remove all non-needed sample code files with their corresponding registration entries in `plugin.xml`.
2025-04-29 21:44:02,039 [10021009]   WARN - #com.github.shubham076.themes.listeners.MyApplicationActivationListener - Don't forget to remove all non-needed sample code files with their corresponding registration entries in `plugin.xml`.
2025-04-29 21:44:20,681 [10039651]   WARN - #com.github.shubham076.themes.listeners.MyApplicationActivationListener - Don't forget to remove all non-needed sample code files with their corresponding registration entries in `plugin.xml`.
2025-04-29 21:44:27,231 [10046201]   WARN - #com.github.shubham076.themes.listeners.MyApplicationActivationListener - Don't forget to remove all non-needed sample code files with their corresponding registration entries in `plugin.xml`.
2025-04-29 21:44:38,807 [10057777]   WARN - #com.github.shubham076.themes.listeners.MyApplicationActivationListener - Don't forget to remove all non-needed sample code files with their corresponding registration entries in `plugin.xml`.
2025-04-29 21:44:56,277 [10075247]   WARN - #com.github.shubham076.themes.listeners.MyApplicationActivationListener - Don't forget to remove all non-needed sample code files with their corresponding registration entries in `plugin.xml`.
2025-04-29 21:45:14,244 [10093214]   WARN - #com.github.shubham076.themes.listeners.MyApplicationActivationListener - Don't forget to remove all non-needed sample code files with their corresponding registration entries in `plugin.xml`.
2025-04-29 21:45:24,231 [10103201]   WARN - #com.github.shubham076.themes.listeners.MyApplicationActivationListener - Don't forget to remove all non-needed sample code files with their corresponding registration entries in `plugin.xml`.
2025-04-29 21:45:30,600 [10109570]   WARN - #com.github.shubham076.themes.listeners.MyApplicationActivationListener - Don't forget to remove all non-needed sample code files with their corresponding registration entries in `plugin.xml`.
2025-04-29 21:45:46,393 [10125363]   WARN - #com.github.shubham076.themes.listeners.MyApplicationActivationListener - Don't forget to remove all non-needed sample code files with their corresponding registration entries in `plugin.xml`.
2025-04-29 21:45:58,245 [10137215]   WARN - #com.github.shubham076.themes.listeners.MyApplicationActivationListener - Don't forget to remove all non-needed sample code files with their corresponding registration entries in `plugin.xml`.
2025-04-29 21:46:08,525 [10147495]   WARN - #com.github.shubham076.themes.listeners.MyApplicationActivationListener - Don't forget to remove all non-needed sample code files with their corresponding registration entries in `plugin.xml`.
2025-04-29 21:46:14,224 [10153194]   WARN - #com.github.shubham076.themes.listeners.MyApplicationActivationListener - Don't forget to remove all non-needed sample code files with their corresponding registration entries in `plugin.xml`.
2025-04-29 21:46:40,231 [10179201]   WARN - #com.github.shubham076.themes.listeners.MyApplicationActivationListener - Don't forget to remove all non-needed sample code files with their corresponding registration entries in `plugin.xml`.
2025-04-29 21:46:57,932 [10196902]   WARN - #com.github.shubham076.themes.listeners.MyApplicationActivationListener - Don't forget to remove all non-needed sample code files with their corresponding registration entries in `plugin.xml`.
2025-04-29 21:47:29,004 [10227974]   WARN - #com.github.shubham076.themes.listeners.MyApplicationActivationListener - Don't forget to remove all non-needed sample code files with their corresponding registration entries in `plugin.xml`.
2025-04-29 21:47:41,103 [10240073]   WARN - #com.github.shubham076.themes.listeners.MyApplicationActivationListener - Don't forget to remove all non-needed sample code files with their corresponding registration entries in `plugin.xml`.
2025-04-29 21:47:57,061 [10256031]   WARN - #com.github.shubham076.themes.listeners.MyApplicationActivationListener - Don't forget to remove all non-needed sample code files with their corresponding registration entries in `plugin.xml`.
2025-04-29 21:48:13,993 [10272963]   WARN - #com.github.shubham076.themes.listeners.MyApplicationActivationListener - Don't forget to remove all non-needed sample code files with their corresponding registration entries in `plugin.xml`.
2025-04-29 21:48:28,877 [10287847]   WARN - #com.github.shubham076.themes.listeners.MyApplicationActivationListener - Don't forget to remove all non-needed sample code files with their corresponding registration entries in `plugin.xml`.
2025-04-29 21:48:38,127 [10297097]   WARN - #com.github.shubham076.themes.listeners.MyApplicationActivationListener - Don't forget to remove all non-needed sample code files with their corresponding registration entries in `plugin.xml`.
2025-04-29 21:48:47,617 [10306587]   WARN - #com.github.shubham076.themes.listeners.MyApplicationActivationListener - Don't forget to remove all non-needed sample code files with their corresponding registration entries in `plugin.xml`.
2025-04-29 21:49:03,768 [10322738]   WARN - #com.github.shubham076.themes.listeners.MyApplicationActivationListener - Don't forget to remove all non-needed sample code files with their corresponding registration entries in `plugin.xml`.
2025-04-29 21:49:18,012 [10336982]   WARN - #com.github.shubham076.themes.listeners.MyApplicationActivationListener - Don't forget to remove all non-needed sample code files with their corresponding registration entries in `plugin.xml`.
2025-04-29 21:49:25,320 [10344290]   WARN - #com.github.shubham076.themes.listeners.MyApplicationActivationListener - Don't forget to remove all non-needed sample code files with their corresponding registration entries in `plugin.xml`.
2025-04-29 21:49:27,730 [10346700]   WARN - #com.github.shubham076.themes.listeners.MyApplicationActivationListener - Don't forget to remove all non-needed sample code files with their corresponding registration entries in `plugin.xml`.
2025-04-29 21:49:34,151 [10353121]   WARN - #com.github.shubham076.themes.listeners.MyApplicationActivationListener - Don't forget to remove all non-needed sample code files with their corresponding registration entries in `plugin.xml`.
2025-04-29 21:49:37,944 [10356914]   WARN - #com.github.shubham076.themes.listeners.MyApplicationActivationListener - Don't forget to remove all non-needed sample code files with their corresponding registration entries in `plugin.xml`.
2025-04-29 21:49:58,194 [10377164]   WARN - #com.github.shubham076.themes.listeners.MyApplicationActivationListener - Don't forget to remove all non-needed sample code files with their corresponding registration entries in `plugin.xml`.
2025-04-29 21:50:32,064 [10411034]   WARN - #com.github.shubham076.themes.listeners.MyApplicationActivationListener - Don't forget to remove all non-needed sample code files with their corresponding registration entries in `plugin.xml`.
2025-04-29 21:50:45,133 [10424103]   WARN - #com.github.shubham076.themes.listeners.MyApplicationActivationListener - Don't forget to remove all non-needed sample code files with their corresponding registration entries in `plugin.xml`.
2025-04-29 21:50:57,999 [10436969]   WARN - #com.github.shubham076.themes.listeners.MyApplicationActivationListener - Don't forget to remove all non-needed sample code files with their corresponding registration entries in `plugin.xml`.
2025-04-29 21:51:00,694 [10439664]   WARN - #com.github.shubham076.themes.listeners.MyApplicationActivationListener - Don't forget to remove all non-needed sample code files with their corresponding registration entries in `plugin.xml`.
2025-04-29 21:51:09,414 [10448384]   WARN - #com.github.shubham076.themes.listeners.MyApplicationActivationListener - Don't forget to remove all non-needed sample code files with their corresponding registration entries in `plugin.xml`.
2025-04-29 21:51:17,999 [10456969]   WARN - #com.github.shubham076.themes.listeners.MyApplicationActivationListener - Don't forget to remove all non-needed sample code files with their corresponding registration entries in `plugin.xml`.
2025-04-29 21:51:21,274 [10460244]   WARN - #com.github.shubham076.themes.listeners.MyApplicationActivationListener - Don't forget to remove all non-needed sample code files with their corresponding registration entries in `plugin.xml`.
2025-04-29 21:51:23,779 [10462749]   WARN - #com.github.shubham076.themes.listeners.MyApplicationActivationListener - Don't forget to remove all non-needed sample code files with their corresponding registration entries in `plugin.xml`.
2025-04-29 21:51:31,412 [10470382]   WARN - #com.github.shubham076.themes.listeners.MyApplicationActivationListener - Don't forget to remove all non-needed sample code files with their corresponding registration entries in `plugin.xml`.
2025-04-29 21:51:39,578 [10478548]   WARN - #com.github.shubham076.themes.listeners.MyApplicationActivationListener - Don't forget to remove all non-needed sample code files with their corresponding registration entries in `plugin.xml`.
2025-04-29 21:51:48,054 [10487024]   WARN - #com.github.shubham076.themes.listeners.MyApplicationActivationListener - Don't forget to remove all non-needed sample code files with their corresponding registration entries in `plugin.xml`.
2025-04-29 21:52:03,693 [10502663]   WARN - #com.github.shubham076.themes.listeners.MyApplicationActivationListener - Don't forget to remove all non-needed sample code files with their corresponding registration entries in `plugin.xml`.
2025-04-29 21:52:25,249 [10524219]   WARN - #com.github.shubham076.themes.listeners.MyApplicationActivationListener - Don't forget to remove all non-needed sample code files with their corresponding registration entries in `plugin.xml`.
2025-04-29 21:52:34,218 [10533188]   WARN - #com.github.shubham076.themes.listeners.MyApplicationActivationListener - Don't forget to remove all non-needed sample code files with their corresponding registration entries in `plugin.xml`.
2025-04-29 21:53:23,258 [10582228]   WARN - #com.github.shubham076.themes.listeners.MyApplicationActivationListener - Don't forget to remove all non-needed sample code files with their corresponding registration entries in `plugin.xml`.
2025-04-29 21:53:43,022 [10601992]   WARN - #com.github.shubham076.themes.listeners.MyApplicationActivationListener - Don't forget to remove all non-needed sample code files with their corresponding registration entries in `plugin.xml`.
2025-04-29 21:53:57,342 [10616312]   WARN - #com.github.shubham076.themes.listeners.MyApplicationActivationListener - Don't forget to remove all non-needed sample code files with their corresponding registration entries in `plugin.xml`.
2025-04-29 21:54:02,966 [10621936]   WARN - #com.github.shubham076.themes.listeners.MyApplicationActivationListener - Don't forget to remove all non-needed sample code files with their corresponding registration entries in `plugin.xml`.
2025-04-29 21:54:17,434 [10636404]   WARN - #com.github.shubham076.themes.listeners.MyApplicationActivationListener - Don't forget to remove all non-needed sample code files with their corresponding registration entries in `plugin.xml`.
2025-04-29 21:54:24,549 [10643519]   WARN - #com.github.shubham076.themes.listeners.MyApplicationActivationListener - Don't forget to remove all non-needed sample code files with their corresponding registration entries in `plugin.xml`.
2025-04-29 21:54:49,763 [10668733]   WARN - #com.github.shubham076.themes.listeners.MyApplicationActivationListener - Don't forget to remove all non-needed sample code files with their corresponding registration entries in `plugin.xml`.
2025-04-29 21:55:04,610 [10683580]   WARN - #com.github.shubham076.themes.listeners.MyApplicationActivationListener - Don't forget to remove all non-needed sample code files with their corresponding registration entries in `plugin.xml`.
2025-04-29 21:55:11,597 [10690567]   WARN - #com.github.shubham076.themes.listeners.MyApplicationActivationListener - Don't forget to remove all non-needed sample code files with their corresponding registration entries in `plugin.xml`.
2025-04-29 21:55:26,919 [10705889]   WARN - #com.github.shubham076.themes.listeners.MyApplicationActivationListener - Don't forget to remove all non-needed sample code files with their corresponding registration entries in `plugin.xml`.
2025-04-29 21:55:38,853 [10717823]   WARN - #com.github.shubham076.themes.listeners.MyApplicationActivationListener - Don't forget to remove all non-needed sample code files with their corresponding registration entries in `plugin.xml`.
2025-04-29 21:55:41,696 [10720666]   WARN - #com.github.shubham076.themes.listeners.MyApplicationActivationListener - Don't forget to remove all non-needed sample code files with their corresponding registration entries in `plugin.xml`.
2025-04-29 21:56:01,666 [10740636]   WARN - #com.github.shubham076.themes.listeners.MyApplicationActivationListener - Don't forget to remove all non-needed sample code files with their corresponding registration entries in `plugin.xml`.
2025-04-29 21:56:06,703 [10745673]   WARN - #com.github.shubham076.themes.listeners.MyApplicationActivationListener - Don't forget to remove all non-needed sample code files with their corresponding registration entries in `plugin.xml`.
2025-04-29 21:56:15,682 [10754652]   WARN - #com.github.shubham076.themes.listeners.MyApplicationActivationListener - Don't forget to remove all non-needed sample code files with their corresponding registration entries in `plugin.xml`.
2025-04-29 21:56:37,437 [10776407]   WARN - #com.github.shubham076.themes.listeners.MyApplicationActivationListener - Don't forget to remove all non-needed sample code files with their corresponding registration entries in `plugin.xml`.
2025-04-29 21:57:25,360 [10824330]   WARN - #com.github.shubham076.themes.listeners.MyApplicationActivationListener - Don't forget to remove all non-needed sample code files with their corresponding registration entries in `plugin.xml`.
2025-04-29 21:58:04,887 [10863857]   WARN - #com.github.shubham076.themes.listeners.MyApplicationActivationListener - Don't forget to remove all non-needed sample code files with their corresponding registration entries in `plugin.xml`.
2025-04-29 21:58:40,399 [10899369]   WARN - #com.github.shubham076.themes.listeners.MyApplicationActivationListener - Don't forget to remove all non-needed sample code files with their corresponding registration entries in `plugin.xml`.
2025-04-29 21:58:59,994 [10918964]   WARN - #com.github.shubham076.themes.listeners.MyApplicationActivationListener - Don't forget to remove all non-needed sample code files with their corresponding registration entries in `plugin.xml`.
2025-04-29 22:02:06,153 [11105123]   WARN - #com.github.shubham076.themes.listeners.MyApplicationActivationListener - Don't forget to remove all non-needed sample code files with their corresponding registration entries in `plugin.xml`.
2025-04-29 22:03:13,660 [11172630]   WARN - #com.github.shubham076.themes.listeners.MyApplicationActivationListener - Don't forget to remove all non-needed sample code files with their corresponding registration entries in `plugin.xml`.
2025-04-29 22:03:44,980 [11203950]   WARN - #com.github.shubham076.themes.listeners.MyApplicationActivationListener - Don't forget to remove all non-needed sample code files with their corresponding registration entries in `plugin.xml`.
2025-04-29 22:03:53,267 [11212237]   WARN - #com.github.shubham076.themes.listeners.MyApplicationActivationListener - Don't forget to remove all non-needed sample code files with their corresponding registration entries in `plugin.xml`.
2025-04-29 22:05:25,524 [11304494]   WARN - #com.github.shubham076.themes.listeners.MyApplicationActivationListener - Don't forget to remove all non-needed sample code files with their corresponding registration entries in `plugin.xml`.
2025-04-29 22:05:33,522 [11312492]   WARN - #com.github.shubham076.themes.listeners.MyApplicationActivationListener - Don't forget to remove all non-needed sample code files with their corresponding registration entries in `plugin.xml`.
2025-04-29 22:05:37,475 [11316445]   WARN - #com.github.shubham076.themes.listeners.MyApplicationActivationListener - Don't forget to remove all non-needed sample code files with their corresponding registration entries in `plugin.xml`.
2025-04-29 22:07:09,645 [11408615]   WARN - #com.github.shubham076.themes.listeners.MyApplicationActivationListener - Don't forget to remove all non-needed sample code files with their corresponding registration entries in `plugin.xml`.
2025-04-29 22:07:28,740 [11427710]   WARN - #com.github.shubham076.themes.listeners.MyApplicationActivationListener - Don't forget to remove all non-needed sample code files with their corresponding registration entries in `plugin.xml`.
2025-04-29 22:08:10,826 [11469796]   WARN - #com.github.shubham076.themes.listeners.MyApplicationActivationListener - Don't forget to remove all non-needed sample code files with their corresponding registration entries in `plugin.xml`.
2025-04-29 22:08:34,116 [11493086]   WARN - #com.github.shubham076.themes.listeners.MyApplicationActivationListener - Don't forget to remove all non-needed sample code files with their corresponding registration entries in `plugin.xml`.
2025-04-29 22:08:43,677 [11502647]   WARN - #com.github.shubham076.themes.listeners.MyApplicationActivationListener - Don't forget to remove all non-needed sample code files with their corresponding registration entries in `plugin.xml`.
2025-04-29 22:09:01,129 [11520099]   WARN - #com.github.shubham076.themes.listeners.MyApplicationActivationListener - Don't forget to remove all non-needed sample code files with their corresponding registration entries in `plugin.xml`.
2025-04-29 22:09:05,170 [11524140]   WARN - #com.github.shubham076.themes.listeners.MyApplicationActivationListener - Don't forget to remove all non-needed sample code files with their corresponding registration entries in `plugin.xml`.
2025-04-29 22:09:36,836 [11555806]   WARN - #com.github.shubham076.themes.listeners.MyApplicationActivationListener - Don't forget to remove all non-needed sample code files with their corresponding registration entries in `plugin.xml`.
2025-04-29 22:12:29,742 [11728712]   WARN - #com.github.shubham076.themes.listeners.MyApplicationActivationListener - Don't forget to remove all non-needed sample code files with their corresponding registration entries in `plugin.xml`.
2025-04-29 22:12:59,977 [11758947]   WARN - #com.github.shubham076.themes.listeners.MyApplicationActivationListener - Don't forget to remove all non-needed sample code files with their corresponding registration entries in `plugin.xml`.
2025-04-29 22:13:02,750 [11761720]   WARN - #com.github.shubham076.themes.listeners.MyApplicationActivationListener - Don't forget to remove all non-needed sample code files with their corresponding registration entries in `plugin.xml`.
Starting cer server. Pre-initialize spent 0 ms.
[0.004s][warning][cds] Archived non-system classes are disabled because the java.system.class.loader property is specified (value = "com.intellij.util.lang.PathClassLoader"). To use archived non-system classes, this property must not be set
2025-04-29 22:37:13,801 [   2442]   WARN - #c.i.i.u.UIThemeBean - Do not set theme id in JSON (value=4b6007f7-b596-4ee2-96f9-968d3d3eb392)
2025-04-29 22:37:13,935 [   2576]   WARN - #com.github.shubham076.themes.listeners.MyApplicationActivationListener - Don't forget to remove all non-needed sample code files with their corresponding registration entries in `plugin.xml`.
2025-04-29 22:37:14,880 [   3521]   WARN - #com.github.shubham076.themes.toolWindow.MyToolWindowFactory - Don't forget to remove all non-needed sample code files with their corresponding registration entries in `plugin.xml`.
2025-04-29 22:37:17,724 [   6365]   WARN - #c.i.i.SystemHealthMonitor - issue detected: ide.script.launcher.used (ignored)
2025-04-29 22:37:17,747 [   6388]   WARN - #c.i.s.c.i.StationSocketConnectionLoop - Discovery connection failed with NoSuchFileException (/run/user/1000/jb.station.sock)
2025-04-29 22:37:22,096 [  10737]   WARN - #com.github.shubham076.themes.listeners.MyApplicationActivationListener - Don't forget to remove all non-needed sample code files with their corresponding registration entries in `plugin.xml`.
2025-04-29 22:37:53,200 [  41841]   WARN - #com.github.shubham076.themes.listeners.MyApplicationActivationListener - Don't forget to remove all non-needed sample code files with their corresponding registration entries in `plugin.xml`.
2025-04-29 22:38:26,877 [  75518]   WARN - #com.github.shubham076.themes.listeners.MyApplicationActivationListener - Don't forget to remove all non-needed sample code files with their corresponding registration entries in `plugin.xml`.
2025-04-29 22:38:53,613 [ 102254]   WARN - #com.github.shubham076.themes.listeners.MyApplicationActivationListener - Don't forget to remove all non-needed sample code files with their corresponding registration entries in `plugin.xml`.
2025-04-29 22:39:24,926 [ 133567]   WARN - #com.github.shubham076.themes.listeners.MyApplicationActivationListener - Don't forget to remove all non-needed sample code files with their corresponding registration entries in `plugin.xml`.
2025-04-29 22:40:21,140 [ 189781]   WARN - #com.github.shubham076.themes.listeners.MyApplicationActivationListener - Don't forget to remove all non-needed sample code files with their corresponding registration entries in `plugin.xml`.
2025-04-29 22:42:28,682 [ 317323]   WARN - #com.github.shubham076.themes.listeners.MyApplicationActivationListener - Don't forget to remove all non-needed sample code files with their corresponding registration entries in `plugin.xml`.
2025-04-29 22:43:09,652 [ 358293]   WARN - #com.github.shubham076.themes.listeners.MyApplicationActivationListener - Don't forget to remove all non-needed sample code files with their corresponding registration entries in `plugin.xml`.
2025-04-29 22:43:32,081 [ 380722]   WARN - #com.github.shubham076.themes.listeners.MyApplicationActivationListener - Don't forget to remove all non-needed sample code files with their corresponding registration entries in `plugin.xml`.
2025-04-29 22:43:42,470 [ 391111]   WARN - #com.github.shubham076.themes.listeners.MyApplicationActivationListener - Don't forget to remove all non-needed sample code files with their corresponding registration entries in `plugin.xml`.
2025-04-29 22:43:47,237 [ 395878]   WARN - #com.github.shubham076.themes.listeners.MyApplicationActivationListener - Don't forget to remove all non-needed sample code files with their corresponding registration entries in `plugin.xml`.
2025-04-29 22:43:53,844 [ 402485]   WARN - #com.github.shubham076.themes.listeners.MyApplicationActivationListener - Don't forget to remove all non-needed sample code files with their corresponding registration entries in `plugin.xml`.
2025-04-29 22:44:09,668 [ 418309]   WARN - #com.github.shubham076.themes.listeners.MyApplicationActivationListener - Don't forget to remove all non-needed sample code files with their corresponding registration entries in `plugin.xml`.
2025-04-29 22:44:50,487 [ 459128]   WARN - #com.github.shubham076.themes.listeners.MyApplicationActivationListener - Don't forget to remove all non-needed sample code files with their corresponding registration entries in `plugin.xml`.
2025-04-29 22:45:03,544 [ 472185]   WARN - #com.github.shubham076.themes.listeners.MyApplicationActivationListener - Don't forget to remove all non-needed sample code files with their corresponding registration entries in `plugin.xml`.
2025-04-29 22:45:11,087 [ 479728]   WARN - #com.github.shubham076.themes.listeners.MyApplicationActivationListener - Don't forget to remove all non-needed sample code files with their corresponding registration entries in `plugin.xml`.
2025-04-29 22:45:19,079 [ 487720]   WARN - #com.github.shubham076.themes.listeners.MyApplicationActivationListener - Don't forget to remove all non-needed sample code files with their corresponding registration entries in `plugin.xml`.
2025-04-29 22:45:32,412 [ 501053]   WARN - #com.github.shubham076.themes.listeners.MyApplicationActivationListener - Don't forget to remove all non-needed sample code files with their corresponding registration entries in `plugin.xml`.
2025-04-29 22:45:39,302 [ 507943]   WARN - #com.github.shubham076.themes.listeners.MyApplicationActivationListener - Don't forget to remove all non-needed sample code files with their corresponding registration entries in `plugin.xml`.
2025-04-29 22:45:53,555 [ 522196]   WARN - #com.github.shubham076.themes.listeners.MyApplicationActivationListener - Don't forget to remove all non-needed sample code files with their corresponding registration entries in `plugin.xml`.
2025-04-29 22:46:47,006 [ 575647]   WARN - #com.github.shubham076.themes.listeners.MyApplicationActivationListener - Don't forget to remove all non-needed sample code files with their corresponding registration entries in `plugin.xml`.
2025-04-29 22:46:49,040 [ 577681]   WARN - #com.github.shubham076.themes.listeners.MyApplicationActivationListener - Don't forget to remove all non-needed sample code files with their corresponding registration entries in `plugin.xml`.
2025-04-29 22:47:29,286 [ 617927]   WARN - #com.github.shubham076.themes.listeners.MyApplicationActivationListener - Don't forget to remove all non-needed sample code files with their corresponding registration entries in `plugin.xml`.
2025-04-29 22:47:54,486 [ 643127]   WARN - #com.github.shubham076.themes.listeners.MyApplicationActivationListener - Don't forget to remove all non-needed sample code files with their corresponding registration entries in `plugin.xml`.
2025-04-29 22:48:46,140 [ 694781]   WARN - #com.github.shubham076.themes.listeners.MyApplicationActivationListener - Don't forget to remove all non-needed sample code files with their corresponding registration entries in `plugin.xml`.
2025-04-29 22:48:54,878 [ 703519]   WARN - #com.github.shubham076.themes.listeners.MyApplicationActivationListener - Don't forget to remove all non-needed sample code files with their corresponding registration entries in `plugin.xml`.
2025-04-29 22:48:59,107 [ 707748]   WARN - #com.github.shubham076.themes.listeners.MyApplicationActivationListener - Don't forget to remove all non-needed sample code files with their corresponding registration entries in `plugin.xml`.
2025-04-29 22:49:11,922 [ 720563]   WARN - #com.github.shubham076.themes.listeners.MyApplicationActivationListener - Don't forget to remove all non-needed sample code files with their corresponding registration entries in `plugin.xml`.
2025-04-29 22:49:36,206 [ 744847]   WARN - #com.github.shubham076.themes.listeners.MyApplicationActivationListener - Don't forget to remove all non-needed sample code files with their corresponding registration entries in `plugin.xml`.
2025-04-29 22:49:41,632 [ 750273]   WARN - #com.github.shubham076.themes.listeners.MyApplicationActivationListener - Don't forget to remove all non-needed sample code files with their corresponding registration entries in `plugin.xml`.
2025-04-29 22:49:49,753 [ 758394]   WARN - #com.github.shubham076.themes.listeners.MyApplicationActivationListener - Don't forget to remove all non-needed sample code files with their corresponding registration entries in `plugin.xml`.
2025-04-29 22:50:14,826 [ 783467]   WARN - #com.github.shubham076.themes.listeners.MyApplicationActivationListener - Don't forget to remove all non-needed sample code files with their corresponding registration entries in `plugin.xml`.
2025-04-29 22:50:33,077 [ 801718]   WARN - #com.github.shubham076.themes.listeners.MyApplicationActivationListener - Don't forget to remove all non-needed sample code files with their corresponding registration entries in `plugin.xml`.
2025-04-29 22:50:55,758 [ 824399]   WARN - #com.github.shubham076.themes.listeners.MyApplicationActivationListener - Don't forget to remove all non-needed sample code files with their corresponding registration entries in `plugin.xml`.
2025-04-29 22:51:07,661 [ 836302]   WARN - #com.github.shubham076.themes.listeners.MyApplicationActivationListener - Don't forget to remove all non-needed sample code files with their corresponding registration entries in `plugin.xml`.
2025-04-29 22:51:55,014 [ 883655]   WARN - #com.github.shubham076.themes.listeners.MyApplicationActivationListener - Don't forget to remove all non-needed sample code files with their corresponding registration entries in `plugin.xml`.
2025-04-29 22:52:03,692 [ 892333]   WARN - #com.github.shubham076.themes.listeners.MyApplicationActivationListener - Don't forget to remove all non-needed sample code files with their corresponding registration entries in `plugin.xml`.
2025-04-29 22:52:04,795 [ 893436]   WARN - #com.github.shubham076.themes.listeners.MyApplicationActivationListener - Don't forget to remove all non-needed sample code files with their corresponding registration entries in `plugin.xml`.
2025-04-29 22:52:08,267 [ 896908]   WARN - #com.github.shubham076.themes.listeners.MyApplicationActivationListener - Don't forget to remove all non-needed sample code files with their corresponding registration entries in `plugin.xml`.
2025-04-29 22:52:09,950 [ 898591]   WARN - #com.github.shubham076.themes.listeners.MyApplicationActivationListener - Don't forget to remove all non-needed sample code files with their corresponding registration entries in `plugin.xml`.
2025-04-29 22:52:16,241 [ 904882]   WARN - #com.github.shubham076.themes.listeners.MyApplicationActivationListener - Don't forget to remove all non-needed sample code files with their corresponding registration entries in `plugin.xml`.
2025-04-29 22:52:31,162 [ 919803]   WARN - #com.github.shubham076.themes.listeners.MyApplicationActivationListener - Don't forget to remove all non-needed sample code files with their corresponding registration entries in `plugin.xml`.
2025-04-29 22:52:35,553 [ 924194]   WARN - #com.github.shubham076.themes.listeners.MyApplicationActivationListener - Don't forget to remove all non-needed sample code files with their corresponding registration entries in `plugin.xml`.
2025-04-29 22:52:46,318 [ 934959]   WARN - #com.github.shubham076.themes.listeners.MyApplicationActivationListener - Don't forget to remove all non-needed sample code files with their corresponding registration entries in `plugin.xml`.
2025-04-29 22:52:52,032 [ 940673]   WARN - #com.github.shubham076.themes.listeners.MyApplicationActivationListener - Don't forget to remove all non-needed sample code files with their corresponding registration entries in `plugin.xml`.
2025-04-29 22:52:56,425 [ 945066]   WARN - #com.github.shubham076.themes.listeners.MyApplicationActivationListener - Don't forget to remove all non-needed sample code files with their corresponding registration entries in `plugin.xml`.
2025-04-29 22:52:58,823 [ 947464]   WARN - #com.github.shubham076.themes.listeners.MyApplicationActivationListener - Don't forget to remove all non-needed sample code files with their corresponding registration entries in `plugin.xml`.
2025-04-29 22:53:09,779 [ 958420]   WARN - #com.github.shubham076.themes.listeners.MyApplicationActivationListener - Don't forget to remove all non-needed sample code files with their corresponding registration entries in `plugin.xml`.
2025-04-29 22:53:20,291 [ 968932]   WARN - #com.github.shubham076.themes.listeners.MyApplicationActivationListener - Don't forget to remove all non-needed sample code files with their corresponding registration entries in `plugin.xml`.
2025-04-29 22:53:27,007 [ 975648]   WARN - #com.github.shubham076.themes.listeners.MyApplicationActivationListener - Don't forget to remove all non-needed sample code files with their corresponding registration entries in `plugin.xml`.
2025-04-29 22:53:33,844 [ 982485]   WARN - #com.github.shubham076.themes.listeners.MyApplicationActivationListener - Don't forget to remove all non-needed sample code files with their corresponding registration entries in `plugin.xml`.
2025-04-29 22:53:42,587 [ 991228]   WARN - #com.github.shubham076.themes.listeners.MyApplicationActivationListener - Don't forget to remove all non-needed sample code files with their corresponding registration entries in `plugin.xml`.
2025-04-29 22:54:02,204 [1010845]   WARN - #com.github.shubham076.themes.listeners.MyApplicationActivationListener - Don't forget to remove all non-needed sample code files with their corresponding registration entries in `plugin.xml`.
2025-04-29 22:55:56,848 [1125489]   WARN - #c.i.l.j.c.JSInsertHandler - possibleFunctionData wasn't calculated
2025-04-29 22:59:51,990 [1360631]   WARN - #com.github.shubham076.themes.listeners.MyApplicationActivationListener - Don't forget to remove all non-needed sample code files with their corresponding registration entries in `plugin.xml`.
2025-04-29 23:00:29,991 [1398632]   WARN - #com.github.shubham076.themes.listeners.MyApplicationActivationListener - Don't forget to remove all non-needed sample code files with their corresponding registration entries in `plugin.xml`.
2025-04-29 23:00:52,212 [1420853]   WARN - #com.github.shubham076.themes.listeners.MyApplicationActivationListener - Don't forget to remove all non-needed sample code files with their corresponding registration entries in `plugin.xml`.
2025-04-29 23:00:52,977 [1421618]   WARN - #com.github.shubham076.themes.listeners.MyApplicationActivationListener - Don't forget to remove all non-needed sample code files with their corresponding registration entries in `plugin.xml`.
2025-04-29 23:01:31,931 [1460572]   WARN - #com.github.shubham076.themes.listeners.MyApplicationActivationListener - Don't forget to remove all non-needed sample code files with their corresponding registration entries in `plugin.xml`.
2025-04-29 23:01:32,617 [1461258] SEVERE - #c.i.l.j.s.JSLanguageServiceQueue - Language server commands should be launched within a cancellable read action or within a coroutine.
java.lang.IllegalStateException: Language server commands should be launched within a cancellable read action or within a coroutine.
	at com.intellij.lang.javascript.service.JSLanguageServiceQueueImpl$NonCancellableThreadCompatibilityService.runInCompatibilityMode(JSLanguageServiceQueueImpl.kt:574)
	at com.intellij.lang.javascript.service.JSLanguageServiceQueueImpl.executeBlocking(JSLanguageServiceQueueImpl.kt:336)
	at com.intellij.lang.javascript.service.JSLanguageServiceQueueImpl.execute(JSLanguageServiceQueueImpl.kt:232)
	at com.intellij.lang.javascript.service.JSLanguageServiceBase.sendCommand(JSLanguageServiceBase.kt:243)
	at com.intellij.lang.javascript.service.JSLanguageServiceFileCommandCache.calculateWithCache(JSLanguageServiceFileCommandCache.kt:51)
	at com.intellij.lang.typescript.compiler.languageService.codeFixes.TypeScriptLanguageServiceFixSet.calcAndUpdateState(TypeScriptLanguageServiceFixSet.java:102)
	at com.intellij.lang.typescript.compiler.languageService.codeFixes.TypeScriptLanguageServiceFixSet.refresh(TypeScriptLanguageServiceFixSet.java:88)
	at com.intellij.lang.typescript.compiler.languageService.codeFixes.TypeScriptLanguageServiceFixSet.lambda$new$1(TypeScriptLanguageServiceFixSet.java:61)
	at com.intellij.lang.typescript.compiler.languageService.codeFixes.TypeScriptLanguageServiceFix.getText(TypeScriptLanguageServiceFix.java:108)
	at com.intellij.lang.typescript.compiler.languageService.codeFixes.TypeScriptLanguageServiceFix.getFamilyName(TypeScriptLanguageServiceFix.java:117)
	at com.intellij.codeInsight.intention.impl.IntentionActionWithTextCaching$MyIntentionAction.getFamilyName(IntentionActionWithTextCaching.java:234)
	at com.intellij.codeInsight.intention.impl.config.IntentionManagerSettings.isShowLightBulb(IntentionManagerSettings.kt:40)
	at com.intellij.codeInsight.intention.impl.CachedIntentions.lambda$showBulb$5(CachedIntentions.java:412)
	at com.intellij.util.containers.ContainerUtil.exists(ContainerUtil.java:2295)
	at com.intellij.codeInsight.intention.impl.CachedIntentions.showBulb(CachedIntentions.java:412)
	at com.intellij.codeInsight.daemon.impl.IntentionsUIImpl.update(IntentionsUIImpl.java:59)
	at com.intellij.codeInsight.daemon.impl.ShowIntentionsPass.doApplyInformationToEditor(ShowIntentionsPass.java:264)
	at com.intellij.codeHighlighting.TextEditorHighlightingPass.applyInformationToEditor(TextEditorHighlightingPass.java:120)
	at com.intellij.codeInsight.daemon.impl.PassExecutorService.lambda$applyInformationToEditorsLater$3(PassExecutorService.java:524)
	at com.intellij.openapi.application.TransactionGuardImpl.runWithWritingAllowed(TransactionGuardImpl.java:240)
	at com.intellij.openapi.application.TransactionGuardImpl.access$100(TransactionGuardImpl.java:25)
	at com.intellij.openapi.application.TransactionGuardImpl$1.run(TransactionGuardImpl.java:202)
	at com.intellij.openapi.application.impl.AnyThreadWriteThreadingSupport.runIntendedWriteActionOnCurrentThread$lambda$7(AnyThreadWriteThreadingSupport.kt:319)
	at com.intellij.openapi.application.impl.AnyThreadWriteThreadingSupport.runWriteIntentReadAction$lambda$6(AnyThreadWriteThreadingSupport.kt:274)
	at com.intellij.openapi.application.impl.AnyThreadWriteThreadingSupport.runWithTemporaryThreadLocal(AnyThreadWriteThreadingSupport.kt:204)
	at com.intellij.openapi.application.impl.AnyThreadWriteThreadingSupport.runWriteIntentReadAction(AnyThreadWriteThreadingSupport.kt:274)
	at com.intellij.openapi.application.impl.AnyThreadWriteThreadingSupport.runWriteIntentReadAction(AnyThreadWriteThreadingSupport.kt:222)
	at com.intellij.openapi.application.impl.AnyThreadWriteThreadingSupport.runIntendedWriteActionOnCurrentThread(AnyThreadWriteThreadingSupport.kt:318)
	at com.intellij.openapi.application.impl.ApplicationImpl.runIntendedWriteActionOnCurrentThread(ApplicationImpl.java:928)
	at com.intellij.openapi.application.impl.ApplicationImpl$4.run(ApplicationImpl.java:501)
	at com.intellij.util.concurrency.ChildContext$runInChildContext$1.invoke(propagation.kt:102)
	at com.intellij.util.concurrency.ChildContext$runInChildContext$1.invoke(propagation.kt:102)
	at com.intellij.util.concurrency.ChildContext.runInChildContext(propagation.kt:108)
	at com.intellij.util.concurrency.ChildContext.runInChildContext(propagation.kt:102)
	at com.intellij.util.concurrency.ContextRunnable.run(ContextRunnable.java:27)
	at com.intellij.openapi.application.impl.FlushQueue.runNextEvent(FlushQueue.java:117)
	at com.intellij.openapi.application.impl.FlushQueue.flushNow(FlushQueue.java:43)
	at java.desktop/java.awt.event.InvocationEvent.dispatch(InvocationEvent.java:318)
	at java.desktop/java.awt.EventQueue.dispatchEventImpl(EventQueue.java:781)
	at java.desktop/java.awt.EventQueue$4.run(EventQueue.java:728)
	at java.desktop/java.awt.EventQueue$4.run(EventQueue.java:722)
	at java.base/java.security.AccessController.doPrivileged(AccessController.java:400)
	at java.base/java.security.ProtectionDomain$JavaSecurityAccessImpl.doIntersectionPrivilege(ProtectionDomain.java:87)
	at java.desktop/java.awt.EventQueue.dispatchEvent(EventQueue.java:750)
	at com.intellij.ide.IdeEventQueue.defaultDispatchEvent(IdeEventQueue.kt:585)
	at com.intellij.ide.IdeEventQueue._dispatchEvent(IdeEventQueue.kt:482)
	at com.intellij.ide.IdeEventQueue.dispatchEvent$lambda$12$lambda$11$lambda$10$lambda$9(IdeEventQueue.kt:307)
	at com.intellij.openapi.progress.impl.CoreProgressManager.computePrioritized(CoreProgressManager.java:864)
	at com.intellij.ide.IdeEventQueue.dispatchEvent$lambda$12$lambda$11$lambda$10(IdeEventQueue.kt:306)
	at com.intellij.ide.IdeEventQueueKt.performActivity$lambda$3(IdeEventQueue.kt:958)
	at com.intellij.openapi.application.TransactionGuardImpl.performActivity(TransactionGuardImpl.java:109)
	at com.intellij.ide.IdeEventQueueKt.performActivity(IdeEventQueue.kt:958)
	at com.intellij.ide.IdeEventQueue.dispatchEvent$lambda$12(IdeEventQueue.kt:301)
	at com.intellij.ide.IdeEventQueue.dispatchEvent(IdeEventQueue.kt:341)
	at java.desktop/java.awt.EventDispatchThread.pumpOneEventForFilters(EventDispatchThread.java:207)
	at java.desktop/java.awt.EventDispatchThread.pumpEventsForFilter(EventDispatchThread.java:128)
	at java.desktop/java.awt.EventDispatchThread.pumpEventsForHierarchy(EventDispatchThread.java:117)
	at java.desktop/java.awt.EventDispatchThread.pumpEvents(EventDispatchThread.java:113)
	at java.desktop/java.awt.EventDispatchThread.pumpEvents(EventDispatchThread.java:105)
	at java.desktop/java.awt.EventDispatchThread.run(EventDispatchThread.java:92)
2025-04-29 23:01:32,623 [1461264] SEVERE - #c.i.l.j.s.JSLanguageServiceQueue - WebStorm 2025.1  Build #WS-251.23774.424
2025-04-29 23:01:32,624 [1461265] SEVERE - #c.i.l.j.s.JSLanguageServiceQueue - JDK: 21.0.6; VM: OpenJDK 64-Bit Server VM; Vendor: JetBrains s.r.o.
2025-04-29 23:01:32,624 [1461265] SEVERE - #c.i.l.j.s.JSLanguageServiceQueue - OS: Linux
2025-04-29 23:01:32,624 [1461265] SEVERE - #c.i.l.j.s.JSLanguageServiceQueue - Last Action: Javascript.Linters.EsLint.Fix
2025-04-29 23:02:21,141 [1509782]   WARN - #com.github.shubham076.themes.listeners.MyApplicationActivationListener - Don't forget to remove all non-needed sample code files with their corresponding registration entries in `plugin.xml`.
2025-04-29 23:02:32,764 [1521405]   WARN - #com.github.shubham076.themes.listeners.MyApplicationActivationListener - Don't forget to remove all non-needed sample code files with their corresponding registration entries in `plugin.xml`.
2025-04-29 23:02:51,034 [1539675]   WARN - #com.github.shubham076.themes.listeners.MyApplicationActivationListener - Don't forget to remove all non-needed sample code files with their corresponding registration entries in `plugin.xml`.
2025-04-29 23:03:26,595 [1575236]   WARN - #com.github.shubham076.themes.listeners.MyApplicationActivationListener - Don't forget to remove all non-needed sample code files with their corresponding registration entries in `plugin.xml`.
2025-04-29 23:04:02,215 [1610856]   WARN - #com.github.shubham076.themes.listeners.MyApplicationActivationListener - Don't forget to remove all non-needed sample code files with their corresponding registration entries in `plugin.xml`.
2025-04-29 23:04:23,174 [1631815]   WARN - #com.github.shubham076.themes.listeners.MyApplicationActivationListener - Don't forget to remove all non-needed sample code files with their corresponding registration entries in `plugin.xml`.
2025-04-29 23:04:40,285 [1648926]   WARN - #com.github.shubham076.themes.listeners.MyApplicationActivationListener - Don't forget to remove all non-needed sample code files with their corresponding registration entries in `plugin.xml`.
2025-04-29 23:04:47,281 [1655922]   WARN - #com.github.shubham076.themes.listeners.MyApplicationActivationListener - Don't forget to remove all non-needed sample code files with their corresponding registration entries in `plugin.xml`.
2025-04-29 23:05:23,119 [1691760]   WARN - #com.github.shubham076.themes.listeners.MyApplicationActivationListener - Don't forget to remove all non-needed sample code files with their corresponding registration entries in `plugin.xml`.
2025-04-29 23:05:38,892 [1707533]   WARN - #com.github.shubham076.themes.listeners.MyApplicationActivationListener - Don't forget to remove all non-needed sample code files with their corresponding registration entries in `plugin.xml`.
2025-04-29 23:06:00,545 [1729186]   WARN - #com.github.shubham076.themes.listeners.MyApplicationActivationListener - Don't forget to remove all non-needed sample code files with their corresponding registration entries in `plugin.xml`.
2025-04-29 23:06:14,311 [1742952]   WARN - #com.github.shubham076.themes.listeners.MyApplicationActivationListener - Don't forget to remove all non-needed sample code files with their corresponding registration entries in `plugin.xml`.
2025-04-29 23:06:27,154 [1755795]   WARN - #com.github.shubham076.themes.listeners.MyApplicationActivationListener - Don't forget to remove all non-needed sample code files with their corresponding registration entries in `plugin.xml`.
2025-04-29 23:06:40,827 [1769468]   WARN - #com.github.shubham076.themes.listeners.MyApplicationActivationListener - Don't forget to remove all non-needed sample code files with their corresponding registration entries in `plugin.xml`.
2025-04-29 23:06:45,130 [1773771]   WARN - #com.github.shubham076.themes.listeners.MyApplicationActivationListener - Don't forget to remove all non-needed sample code files with their corresponding registration entries in `plugin.xml`.
2025-04-29 23:06:59,197 [1787838]   WARN - #com.github.shubham076.themes.listeners.MyApplicationActivationListener - Don't forget to remove all non-needed sample code files with their corresponding registration entries in `plugin.xml`.
2025-04-29 23:07:10,355 [1798996]   WARN - #com.github.shubham076.themes.listeners.MyApplicationActivationListener - Don't forget to remove all non-needed sample code files with their corresponding registration entries in `plugin.xml`.
2025-04-29 23:07:25,795 [1814436]   WARN - #com.github.shubham076.themes.listeners.MyApplicationActivationListener - Don't forget to remove all non-needed sample code files with their corresponding registration entries in `plugin.xml`.
2025-04-29 23:07:50,387 [1839028]   WARN - #com.github.shubham076.themes.listeners.MyApplicationActivationListener - Don't forget to remove all non-needed sample code files with their corresponding registration entries in `plugin.xml`.
2025-04-29 23:08:19,576 [1868217]   WARN - #com.github.shubham076.themes.listeners.MyApplicationActivationListener - Don't forget to remove all non-needed sample code files with their corresponding registration entries in `plugin.xml`.
2025-04-29 23:08:29,446 [1878087]   WARN - #com.github.shubham076.themes.listeners.MyApplicationActivationListener - Don't forget to remove all non-needed sample code files with their corresponding registration entries in `plugin.xml`.
2025-04-29 23:08:45,182 [1893823]   WARN - #com.github.shubham076.themes.listeners.MyApplicationActivationListener - Don't forget to remove all non-needed sample code files with their corresponding registration entries in `plugin.xml`.
2025-04-29 23:09:03,090 [1911731]   WARN - #com.github.shubham076.themes.listeners.MyApplicationActivationListener - Don't forget to remove all non-needed sample code files with their corresponding registration entries in `plugin.xml`.
2025-04-29 23:09:18,933 [1927574]   WARN - #com.github.shubham076.themes.listeners.MyApplicationActivationListener - Don't forget to remove all non-needed sample code files with their corresponding registration entries in `plugin.xml`.
2025-04-29 23:09:25,090 [1933731]   WARN - #com.github.shubham076.themes.listeners.MyApplicationActivationListener - Don't forget to remove all non-needed sample code files with their corresponding registration entries in `plugin.xml`.
2025-04-29 23:09:57,659 [1966300]   WARN - #com.github.shubham076.themes.listeners.MyApplicationActivationListener - Don't forget to remove all non-needed sample code files with their corresponding registration entries in `plugin.xml`.
2025-04-29 23:10:08,004 [1976645]   WARN - #com.github.shubham076.themes.listeners.MyApplicationActivationListener - Don't forget to remove all non-needed sample code files with their corresponding registration entries in `plugin.xml`.
2025-04-29 23:10:46,707 [2015348]   WARN - #com.github.shubham076.themes.listeners.MyApplicationActivationListener - Don't forget to remove all non-needed sample code files with their corresponding registration entries in `plugin.xml`.
2025-04-29 23:11:01,859 [2030500]   WARN - #com.github.shubham076.themes.listeners.MyApplicationActivationListener - Don't forget to remove all non-needed sample code files with their corresponding registration entries in `plugin.xml`.
2025-04-29 23:11:20,674 [2049315]   WARN - #com.github.shubham076.themes.listeners.MyApplicationActivationListener - Don't forget to remove all non-needed sample code files with their corresponding registration entries in `plugin.xml`.
2025-04-29 23:11:30,237 [2058878]   WARN - #com.github.shubham076.themes.listeners.MyApplicationActivationListener - Don't forget to remove all non-needed sample code files with their corresponding registration entries in `plugin.xml`.
2025-04-29 23:11:35,120 [2063761]   WARN - #com.github.shubham076.themes.listeners.MyApplicationActivationListener - Don't forget to remove all non-needed sample code files with their corresponding registration entries in `plugin.xml`.
2025-04-29 23:11:44,181 [2072822]   WARN - #com.github.shubham076.themes.listeners.MyApplicationActivationListener - Don't forget to remove all non-needed sample code files with their corresponding registration entries in `plugin.xml`.
2025-04-29 23:12:24,511 [2113152]   WARN - #com.github.shubham076.themes.listeners.MyApplicationActivationListener - Don't forget to remove all non-needed sample code files with their corresponding registration entries in `plugin.xml`.
2025-04-29 23:12:44,250 [2132891]   WARN - #com.github.shubham076.themes.listeners.MyApplicationActivationListener - Don't forget to remove all non-needed sample code files with their corresponding registration entries in `plugin.xml`.
2025-04-29 23:12:55,589 [2144230]   WARN - #com.github.shubham076.themes.listeners.MyApplicationActivationListener - Don't forget to remove all non-needed sample code files with their corresponding registration entries in `plugin.xml`.
2025-04-29 23:13:14,672 [2163313]   WARN - #com.github.shubham076.themes.listeners.MyApplicationActivationListener - Don't forget to remove all non-needed sample code files with their corresponding registration entries in `plugin.xml`.
2025-04-29 23:13:18,087 [2166728]   WARN - #com.github.shubham076.themes.listeners.MyApplicationActivationListener - Don't forget to remove all non-needed sample code files with their corresponding registration entries in `plugin.xml`.
2025-04-29 23:13:28,740 [2177381]   WARN - #com.github.shubham076.themes.listeners.MyApplicationActivationListener - Don't forget to remove all non-needed sample code files with their corresponding registration entries in `plugin.xml`.
2025-04-29 23:13:42,121 [2190762]   WARN - #com.github.shubham076.themes.listeners.MyApplicationActivationListener - Don't forget to remove all non-needed sample code files with their corresponding registration entries in `plugin.xml`.
2025-04-29 23:13:58,353 [2206994]   WARN - #com.github.shubham076.themes.listeners.MyApplicationActivationListener - Don't forget to remove all non-needed sample code files with their corresponding registration entries in `plugin.xml`.
2025-04-29 23:14:09,532 [2218173]   WARN - #com.github.shubham076.themes.listeners.MyApplicationActivationListener - Don't forget to remove all non-needed sample code files with their corresponding registration entries in `plugin.xml`.
2025-04-29 23:14:18,025 [2226666]   WARN - #com.github.shubham076.themes.listeners.MyApplicationActivationListener - Don't forget to remove all non-needed sample code files with their corresponding registration entries in `plugin.xml`.
2025-04-29 23:14:25,942 [2234583]   WARN - #com.github.shubham076.themes.listeners.MyApplicationActivationListener - Don't forget to remove all non-needed sample code files with their corresponding registration entries in `plugin.xml`.
2025-04-29 23:14:33,859 [2242500]   WARN - #com.github.shubham076.themes.listeners.MyApplicationActivationListener - Don't forget to remove all non-needed sample code files with their corresponding registration entries in `plugin.xml`.
2025-04-29 23:15:02,835 [2271476]   WARN - #com.github.shubham076.themes.listeners.MyApplicationActivationListener - Don't forget to remove all non-needed sample code files with their corresponding registration entries in `plugin.xml`.
2025-04-29 23:15:29,892 [2298533]   WARN - #com.github.shubham076.themes.listeners.MyApplicationActivationListener - Don't forget to remove all non-needed sample code files with their corresponding registration entries in `plugin.xml`.
2025-04-29 23:15:36,957 [2305598]   WARN - #com.github.shubham076.themes.listeners.MyApplicationActivationListener - Don't forget to remove all non-needed sample code files with their corresponding registration entries in `plugin.xml`.
2025-04-29 23:16:16,898 [2345539]   WARN - #com.github.shubham076.themes.listeners.MyApplicationActivationListener - Don't forget to remove all non-needed sample code files with their corresponding registration entries in `plugin.xml`.
2025-04-29 23:16:25,192 [2353833]   WARN - #com.github.shubham076.themes.listeners.MyApplicationActivationListener - Don't forget to remove all non-needed sample code files with their corresponding registration entries in `plugin.xml`.
2025-04-29 23:16:44,321 [2372962]   WARN - #com.github.shubham076.themes.listeners.MyApplicationActivationListener - Don't forget to remove all non-needed sample code files with their corresponding registration entries in `plugin.xml`.
2025-04-29 23:16:46,895 [2375536]   WARN - #com.github.shubham076.themes.listeners.MyApplicationActivationListener - Don't forget to remove all non-needed sample code files with their corresponding registration entries in `plugin.xml`.
2025-04-29 23:16:54,368 [2383009]   WARN - #com.github.shubham076.themes.listeners.MyApplicationActivationListener - Don't forget to remove all non-needed sample code files with their corresponding registration entries in `plugin.xml`.
2025-04-29 23:16:58,964 [2387605]   WARN - #com.github.shubham076.themes.listeners.MyApplicationActivationListener - Don't forget to remove all non-needed sample code files with their corresponding registration entries in `plugin.xml`.
2025-04-29 23:17:37,480 [2426121]   WARN - #com.github.shubham076.themes.listeners.MyApplicationActivationListener - Don't forget to remove all non-needed sample code files with their corresponding registration entries in `plugin.xml`.
2025-04-29 23:17:50,052 [2438693]   WARN - #com.github.shubham076.themes.listeners.MyApplicationActivationListener - Don't forget to remove all non-needed sample code files with their corresponding registration entries in `plugin.xml`.
2025-04-29 23:18:12,833 [2461474]   WARN - #com.github.shubham076.themes.listeners.MyApplicationActivationListener - Don't forget to remove all non-needed sample code files with their corresponding registration entries in `plugin.xml`.
2025-04-29 23:19:45,115 [2553756]   WARN - #com.github.shubham076.themes.listeners.MyApplicationActivationListener - Don't forget to remove all non-needed sample code files with their corresponding registration entries in `plugin.xml`.
2025-04-29 23:21:32,396 [2661037]   WARN - #com.github.shubham076.themes.listeners.MyApplicationActivationListener - Don't forget to remove all non-needed sample code files with their corresponding registration entries in `plugin.xml`.
2025-04-29 23:21:33,513 [2662154]   WARN - #com.github.shubham076.themes.listeners.MyApplicationActivationListener - Don't forget to remove all non-needed sample code files with their corresponding registration entries in `plugin.xml`.
2025-04-29 23:21:34,953 [2663594]   WARN - #com.github.shubham076.themes.listeners.MyApplicationActivationListener - Don't forget to remove all non-needed sample code files with their corresponding registration entries in `plugin.xml`.
2025-04-29 23:21:40,049 [2668690]   WARN - #com.github.shubham076.themes.listeners.MyApplicationActivationListener - Don't forget to remove all non-needed sample code files with their corresponding registration entries in `plugin.xml`.
2025-04-29 23:21:43,882 [2672523]   WARN - #com.github.shubham076.themes.listeners.MyApplicationActivationListener - Don't forget to remove all non-needed sample code files with their corresponding registration entries in `plugin.xml`.
2025-04-29 23:24:32,609 [2841250]   WARN - #com.github.shubham076.themes.listeners.MyApplicationActivationListener - Don't forget to remove all non-needed sample code files with their corresponding registration entries in `plugin.xml`.
2025-04-29 23:24:54,286 [2862927]   WARN - #com.github.shubham076.themes.listeners.MyApplicationActivationListener - Don't forget to remove all non-needed sample code files with their corresponding registration entries in `plugin.xml`.
2025-04-29 23:24:58,796 [2867437]   WARN - #com.github.shubham076.themes.listeners.MyApplicationActivationListener - Don't forget to remove all non-needed sample code files with their corresponding registration entries in `plugin.xml`.
2025-04-29 23:25:42,856 [2911497]   WARN - #com.github.shubham076.themes.listeners.MyApplicationActivationListener - Don't forget to remove all non-needed sample code files with their corresponding registration entries in `plugin.xml`.
2025-04-29 23:26:38,632 [2967273]   WARN - #com.github.shubham076.themes.listeners.MyApplicationActivationListener - Don't forget to remove all non-needed sample code files with their corresponding registration entries in `plugin.xml`.
2025-04-29 23:26:40,196 [2968837]   WARN - #com.github.shubham076.themes.listeners.MyApplicationActivationListener - Don't forget to remove all non-needed sample code files with their corresponding registration entries in `plugin.xml`.
2025-04-29 23:26:50,381 [2979022]   WARN - #com.github.shubham076.themes.listeners.MyApplicationActivationListener - Don't forget to remove all non-needed sample code files with their corresponding registration entries in `plugin.xml`.
2025-04-29 23:28:57,519 [3106160]   WARN - #com.github.shubham076.themes.listeners.MyApplicationActivationListener - Don't forget to remove all non-needed sample code files with their corresponding registration entries in `plugin.xml`.
2025-04-29 23:29:05,670 [3114311]   WARN - #com.github.shubham076.themes.listeners.MyApplicationActivationListener - Don't forget to remove all non-needed sample code files with their corresponding registration entries in `plugin.xml`.
2025-04-29 23:30:05,599 [3174240]   WARN - #com.github.shubham076.themes.listeners.MyApplicationActivationListener - Don't forget to remove all non-needed sample code files with their corresponding registration entries in `plugin.xml`.
2025-04-29 23:30:33,138 [3201779]   WARN - #com.github.shubham076.themes.listeners.MyApplicationActivationListener - Don't forget to remove all non-needed sample code files with their corresponding registration entries in `plugin.xml`.
2025-04-29 23:30:33,966 [3202607]   WARN - #com.github.shubham076.themes.listeners.MyApplicationActivationListener - Don't forget to remove all non-needed sample code files with their corresponding registration entries in `plugin.xml`.
2025-04-29 23:30:35,241 [3203882]   WARN - #com.github.shubham076.themes.listeners.MyApplicationActivationListener - Don't forget to remove all non-needed sample code files with their corresponding registration entries in `plugin.xml`.
2025-04-29 23:31:06,504 [3235145]   WARN - #com.github.shubham076.themes.listeners.MyApplicationActivationListener - Don't forget to remove all non-needed sample code files with their corresponding registration entries in `plugin.xml`.
2025-04-29 23:31:14,536 [3243177]   WARN - #com.github.shubham076.themes.listeners.MyApplicationActivationListener - Don't forget to remove all non-needed sample code files with their corresponding registration entries in `plugin.xml`.
2025-04-29 23:31:16,694 [3245335]   WARN - #com.github.shubham076.themes.listeners.MyApplicationActivationListener - Don't forget to remove all non-needed sample code files with their corresponding registration entries in `plugin.xml`.
2025-04-29 23:31:18,103 [3246744]   WARN - #com.github.shubham076.themes.listeners.MyApplicationActivationListener - Don't forget to remove all non-needed sample code files with their corresponding registration entries in `plugin.xml`.
2025-04-29 23:31:20,330 [3248971]   WARN - #com.github.shubham076.themes.listeners.MyApplicationActivationListener - Don't forget to remove all non-needed sample code files with their corresponding registration entries in `plugin.xml`.
2025-04-29 23:31:23,189 [3251830]   WARN - #com.github.shubham076.themes.listeners.MyApplicationActivationListener - Don't forget to remove all non-needed sample code files with their corresponding registration entries in `plugin.xml`.
2025-04-29 23:31:55,546 [3284187]   WARN - #com.github.shubham076.themes.listeners.MyApplicationActivationListener - Don't forget to remove all non-needed sample code files with their corresponding registration entries in `plugin.xml`.
2025-04-29 23:32:01,365 [3290006]   WARN - #com.github.shubham076.themes.listeners.MyApplicationActivationListener - Don't forget to remove all non-needed sample code files with their corresponding registration entries in `plugin.xml`.
2025-04-29 23:32:06,834 [3295475]   WARN - #com.github.shubham076.themes.listeners.MyApplicationActivationListener - Don't forget to remove all non-needed sample code files with their corresponding registration entries in `plugin.xml`.
2025-04-29 23:32:11,194 [3299835]   WARN - #com.github.shubham076.themes.listeners.MyApplicationActivationListener - Don't forget to remove all non-needed sample code files with their corresponding registration entries in `plugin.xml`.
2025-04-29 23:32:26,014 [3314655]   WARN - #com.github.shubham076.themes.listeners.MyApplicationActivationListener - Don't forget to remove all non-needed sample code files with their corresponding registration entries in `plugin.xml`.
2025-04-29 23:32:34,429 [3323070]   WARN - #com.github.shubham076.themes.listeners.MyApplicationActivationListener - Don't forget to remove all non-needed sample code files with their corresponding registration entries in `plugin.xml`.
2025-04-29 23:32:42,600 [3331241]   WARN - #com.github.shubham076.themes.listeners.MyApplicationActivationListener - Don't forget to remove all non-needed sample code files with their corresponding registration entries in `plugin.xml`.
2025-04-29 23:32:44,563 [3333204]   WARN - #com.github.shubham076.themes.listeners.MyApplicationActivationListener - Don't forget to remove all non-needed sample code files with their corresponding registration entries in `plugin.xml`.
2025-04-29 23:32:48,535 [3337176]   WARN - #com.github.shubham076.themes.listeners.MyApplicationActivationListener - Don't forget to remove all non-needed sample code files with their corresponding registration entries in `plugin.xml`.
2025-04-29 23:33:13,376 [3362017]   WARN - #com.github.shubham076.themes.listeners.MyApplicationActivationListener - Don't forget to remove all non-needed sample code files with their corresponding registration entries in `plugin.xml`.
2025-04-29 23:33:41,786 [3390427]   WARN - #com.github.shubham076.themes.listeners.MyApplicationActivationListener - Don't forget to remove all non-needed sample code files with their corresponding registration entries in `plugin.xml`.
2025-04-29 23:34:23,772 [3432413]   WARN - #com.github.shubham076.themes.listeners.MyApplicationActivationListener - Don't forget to remove all non-needed sample code files with their corresponding registration entries in `plugin.xml`.
2025-04-29 23:34:31,243 [3439884]   WARN - #com.github.shubham076.themes.listeners.MyApplicationActivationListener - Don't forget to remove all non-needed sample code files with their corresponding registration entries in `plugin.xml`.
2025-04-29 23:34:37,177 [3445818]   WARN - #com.github.shubham076.themes.listeners.MyApplicationActivationListener - Don't forget to remove all non-needed sample code files with their corresponding registration entries in `plugin.xml`.
2025-04-29 23:34:59,835 [3468476]   WARN - #com.github.shubham076.themes.listeners.MyApplicationActivationListener - Don't forget to remove all non-needed sample code files with their corresponding registration entries in `plugin.xml`.
2025-04-29 23:35:56,384 [3525025]   WARN - #com.github.shubham076.themes.listeners.MyApplicationActivationListener - Don't forget to remove all non-needed sample code files with their corresponding registration entries in `plugin.xml`.
2025-04-29 23:35:57,956 [3526597]   WARN - #com.github.shubham076.themes.listeners.MyApplicationActivationListener - Don't forget to remove all non-needed sample code files with their corresponding registration entries in `plugin.xml`.
2025-04-29 23:36:01,788 [3530429]   WARN - #com.github.shubham076.themes.listeners.MyApplicationActivationListener - Don't forget to remove all non-needed sample code files with their corresponding registration entries in `plugin.xml`.
2025-04-29 23:36:04,609 [3533250]   WARN - #com.github.shubham076.themes.listeners.MyApplicationActivationListener - Don't forget to remove all non-needed sample code files with their corresponding registration entries in `plugin.xml`.
2025-04-29 23:36:06,172 [3534813]   WARN - #com.github.shubham076.themes.listeners.MyApplicationActivationListener - Don't forget to remove all non-needed sample code files with their corresponding registration entries in `plugin.xml`.
2025-04-29 23:36:12,366 [3541007]   WARN - #com.github.shubham076.themes.listeners.MyApplicationActivationListener - Don't forget to remove all non-needed sample code files with their corresponding registration entries in `plugin.xml`.
2025-04-29 23:36:16,387 [3545028]   WARN - #com.github.shubham076.themes.listeners.MyApplicationActivationListener - Don't forget to remove all non-needed sample code files with their corresponding registration entries in `plugin.xml`.
2025-04-29 23:36:27,909 [3556550]   WARN - #com.github.shubham076.themes.listeners.MyApplicationActivationListener - Don't forget to remove all non-needed sample code files with their corresponding registration entries in `plugin.xml`.
2025-04-29 23:37:00,236 [3588877]   WARN - #com.github.shubham076.themes.listeners.MyApplicationActivationListener - Don't forget to remove all non-needed sample code files with their corresponding registration entries in `plugin.xml`.
2025-04-29 23:37:09,206 [3597847]   WARN - #com.github.shubham076.themes.listeners.MyApplicationActivationListener - Don't forget to remove all non-needed sample code files with their corresponding registration entries in `plugin.xml`.
2025-04-29 23:37:26,137 [3614778]   WARN - #com.github.shubham076.themes.listeners.MyApplicationActivationListener - Don't forget to remove all non-needed sample code files with their corresponding registration entries in `plugin.xml`.
2025-04-29 23:37:58,827 [3647468]   WARN - #com.github.shubham076.themes.listeners.MyApplicationActivationListener - Don't forget to remove all non-needed sample code files with their corresponding registration entries in `plugin.xml`.
2025-04-29 23:38:03,435 [3652076]   WARN - #com.github.shubham076.themes.listeners.MyApplicationActivationListener - Don't forget to remove all non-needed sample code files with their corresponding registration entries in `plugin.xml`.
2025-04-29 23:38:46,987 [3695628]   WARN - #com.github.shubham076.themes.listeners.MyApplicationActivationListener - Don't forget to remove all non-needed sample code files with their corresponding registration entries in `plugin.xml`.
2025-04-29 23:40:03,670 [3772311]   WARN - #com.github.shubham076.themes.listeners.MyApplicationActivationListener - Don't forget to remove all non-needed sample code files with their corresponding registration entries in `plugin.xml`.
2025-04-29 23:40:54,845 [3823486]   WARN - #com.github.shubham076.themes.listeners.MyApplicationActivationListener - Don't forget to remove all non-needed sample code files with their corresponding registration entries in `plugin.xml`.
2025-04-29 23:41:37,502 [3866143]   WARN - #com.github.shubham076.themes.listeners.MyApplicationActivationListener - Don't forget to remove all non-needed sample code files with their corresponding registration entries in `plugin.xml`.
2025-04-29 23:42:04,724 [3893365]   WARN - #com.github.shubham076.themes.listeners.MyApplicationActivationListener - Don't forget to remove all non-needed sample code files with their corresponding registration entries in `plugin.xml`.
2025-04-29 23:42:12,582 [3901223]   WARN - #com.github.shubham076.themes.listeners.MyApplicationActivationListener - Don't forget to remove all non-needed sample code files with their corresponding registration entries in `plugin.xml`.
2025-04-29 23:42:37,705 [3926346]   WARN - #com.github.shubham076.themes.listeners.MyApplicationActivationListener - Don't forget to remove all non-needed sample code files with their corresponding registration entries in `plugin.xml`.
2025-04-29 23:42:39,112 [3927753]   WARN - #com.github.shubham076.themes.listeners.MyApplicationActivationListener - Don't forget to remove all non-needed sample code files with their corresponding registration entries in `plugin.xml`.
2025-04-29 23:42:43,239 [3931880]   WARN - #com.github.shubham076.themes.listeners.MyApplicationActivationListener - Don't forget to remove all non-needed sample code files with their corresponding registration entries in `plugin.xml`.
2025-04-29 23:42:44,087 [3932728]   WARN - #com.github.shubham076.themes.listeners.MyApplicationActivationListener - Don't forget to remove all non-needed sample code files with their corresponding registration entries in `plugin.xml`.
2025-04-29 23:42:51,850 [3940491]   WARN - #com.github.shubham076.themes.listeners.MyApplicationActivationListener - Don't forget to remove all non-needed sample code files with their corresponding registration entries in `plugin.xml`.
2025-04-29 23:43:37,080 [3985721]   WARN - #com.github.shubham076.themes.listeners.MyApplicationActivationListener - Don't forget to remove all non-needed sample code files with their corresponding registration entries in `plugin.xml`.
2025-04-29 23:44:02,282 [4010923]   WARN - #com.github.shubham076.themes.listeners.MyApplicationActivationListener - Don't forget to remove all non-needed sample code files with their corresponding registration entries in `plugin.xml`.
2025-04-29 23:45:11,502 [4080143]   WARN - #com.github.shubham076.themes.listeners.MyApplicationActivationListener - Don't forget to remove all non-needed sample code files with their corresponding registration entries in `plugin.xml`.
2025-04-29 23:45:41,074 [4109715]   WARN - #com.github.shubham076.themes.listeners.MyApplicationActivationListener - Don't forget to remove all non-needed sample code files with their corresponding registration entries in `plugin.xml`.
2025-04-29 23:45:42,336 [4110977]   WARN - #com.github.shubham076.themes.listeners.MyApplicationActivationListener - Don't forget to remove all non-needed sample code files with their corresponding registration entries in `plugin.xml`.
2025-04-29 23:45:44,019 [4112660]   WARN - #com.github.shubham076.themes.listeners.MyApplicationActivationListener - Don't forget to remove all non-needed sample code files with their corresponding registration entries in `plugin.xml`.
2025-04-29 23:45:45,140 [4113781]   WARN - #com.github.shubham076.themes.listeners.MyApplicationActivationListener - Don't forget to remove all non-needed sample code files with their corresponding registration entries in `plugin.xml`.
2025-04-29 23:45:47,226 [4115867]   WARN - #com.github.shubham076.themes.listeners.MyApplicationActivationListener - Don't forget to remove all non-needed sample code files with their corresponding registration entries in `plugin.xml`.
2025-04-29 23:45:48,409 [4117050]   WARN - #com.github.shubham076.themes.listeners.MyApplicationActivationListener - Don't forget to remove all non-needed sample code files with their corresponding registration entries in `plugin.xml`.
2025-04-29 23:45:49,417 [4118058]   WARN - #com.github.shubham076.themes.listeners.MyApplicationActivationListener - Don't forget to remove all non-needed sample code files with their corresponding registration entries in `plugin.xml`.
2025-04-29 23:45:54,983 [4123624]   WARN - #com.github.shubham076.themes.listeners.MyApplicationActivationListener - Don't forget to remove all non-needed sample code files with their corresponding registration entries in `plugin.xml`.
2025-04-29 23:48:12,510 [4261151]   WARN - #com.github.shubham076.themes.listeners.MyApplicationActivationListener - Don't forget to remove all non-needed sample code files with their corresponding registration entries in `plugin.xml`.
2025-04-29 23:48:14,887 [4263528]   WARN - #com.github.shubham076.themes.listeners.MyApplicationActivationListener - Don't forget to remove all non-needed sample code files with their corresponding registration entries in `plugin.xml`.
2025-04-29 23:48:21,127 [4269768]   WARN - #com.github.shubham076.themes.listeners.MyApplicationActivationListener - Don't forget to remove all non-needed sample code files with their corresponding registration entries in `plugin.xml`.
2025-04-29 23:48:32,227 [4280868]   WARN - #com.github.shubham076.themes.listeners.MyApplicationActivationListener - Don't forget to remove all non-needed sample code files with their corresponding registration entries in `plugin.xml`.
2025-04-29 23:48:52,770 [4301411]   WARN - #com.github.shubham076.themes.listeners.MyApplicationActivationListener - Don't forget to remove all non-needed sample code files with their corresponding registration entries in `plugin.xml`.
2025-04-29 23:53:00,787 [4549428]   WARN - #com.github.shubham076.themes.listeners.MyApplicationActivationListener - Don't forget to remove all non-needed sample code files with their corresponding registration entries in `plugin.xml`.
2025-04-29 23:53:48,832 [4597473]   WARN - #c.i.l.j.c.JSInsertHandler - possibleFunctionData wasn't calculated
2025-04-29 23:54:21,070 [4629711]   WARN - #com.github.shubham076.themes.listeners.MyApplicationActivationListener - Don't forget to remove all non-needed sample code files with their corresponding registration entries in `plugin.xml`.
2025-04-29 23:54:57,499 [4666140]   WARN - #com.github.shubham076.themes.listeners.MyApplicationActivationListener - Don't forget to remove all non-needed sample code files with their corresponding registration entries in `plugin.xml`.
2025-04-29 23:58:50,773 [4899414]   WARN - #c.i.l.j.c.JSInsertHandler - possibleFunctionData wasn't calculated
2025-04-29 23:59:43,045 [4951686]   WARN - #com.github.shubham076.themes.listeners.MyApplicationActivationListener - Don't forget to remove all non-needed sample code files with their corresponding registration entries in `plugin.xml`.
2025-04-29 23:59:51,714 [4960355]   WARN - #com.github.shubham076.themes.listeners.MyApplicationActivationListener - Don't forget to remove all non-needed sample code files with their corresponding registration entries in `plugin.xml`.
2025-04-29 23:59:55,248 [4963889]   WARN - #com.github.shubham076.themes.listeners.MyApplicationActivationListener - Don't forget to remove all non-needed sample code files with their corresponding registration entries in `plugin.xml`.
2025-04-29 23:59:57,932 [4966573]   WARN - #com.github.shubham076.themes.listeners.MyApplicationActivationListener - Don't forget to remove all non-needed sample code files with their corresponding registration entries in `plugin.xml`.
2025-04-30 00:00:15,686 [4984327]   WARN - #com.github.shubham076.themes.listeners.MyApplicationActivationListener - Don't forget to remove all non-needed sample code files with their corresponding registration entries in `plugin.xml`.
2025-04-30 00:00:52,615 [5021256]   WARN - #com.github.shubham076.themes.listeners.MyApplicationActivationListener - Don't forget to remove all non-needed sample code files with their corresponding registration entries in `plugin.xml`.
2025-04-30 00:00:58,094 [5026735]   WARN - #com.github.shubham076.themes.listeners.MyApplicationActivationListener - Don't forget to remove all non-needed sample code files with their corresponding registration entries in `plugin.xml`.
2025-04-30 00:01:01,124 [5029765]   WARN - #com.github.shubham076.themes.listeners.MyApplicationActivationListener - Don't forget to remove all non-needed sample code files with their corresponding registration entries in `plugin.xml`.
2025-04-30 00:01:02,523 [5031164]   WARN - #com.github.shubham076.themes.listeners.MyApplicationActivationListener - Don't forget to remove all non-needed sample code files with their corresponding registration entries in `plugin.xml`.
2025-04-30 00:01:04,780 [5033421]   WARN - #com.github.shubham076.themes.listeners.MyApplicationActivationListener - Don't forget to remove all non-needed sample code files with their corresponding registration entries in `plugin.xml`.
2025-04-30 00:01:07,725 [5036366]   WARN - #com.github.shubham076.themes.listeners.MyApplicationActivationListener - Don't forget to remove all non-needed sample code files with their corresponding registration entries in `plugin.xml`.
2025-04-30 00:01:49,469 [5078110]   WARN - #com.github.shubham076.themes.listeners.MyApplicationActivationListener - Don't forget to remove all non-needed sample code files with their corresponding registration entries in `plugin.xml`.
2025-04-30 00:01:53,727 [5082368]   WARN - #com.github.shubham076.themes.listeners.MyApplicationActivationListener - Don't forget to remove all non-needed sample code files with their corresponding registration entries in `plugin.xml`.
2025-04-30 00:03:45,781 [5194422]   WARN - #com.github.shubham076.themes.listeners.MyApplicationActivationListener - Don't forget to remove all non-needed sample code files with their corresponding registration entries in `plugin.xml`.
2025-04-30 00:03:54,194 [5202835]   WARN - #com.github.shubham076.themes.listeners.MyApplicationActivationListener - Don't forget to remove all non-needed sample code files with their corresponding registration entries in `plugin.xml`.
2025-04-30 00:04:47,351 [5255992]   WARN - #com.github.shubham076.themes.listeners.MyApplicationActivationListener - Don't forget to remove all non-needed sample code files with their corresponding registration entries in `plugin.xml`.
2025-04-30 00:04:48,261 [5256902]   WARN - #com.github.shubham076.themes.listeners.MyApplicationActivationListener - Don't forget to remove all non-needed sample code files with their corresponding registration entries in `plugin.xml`.
2025-04-30 00:04:50,067 [5258708]   WARN - #com.github.shubham076.themes.listeners.MyApplicationActivationListener - Don't forget to remove all non-needed sample code files with their corresponding registration entries in `plugin.xml`.
2025-04-30 00:04:51,316 [5259957]   WARN - #com.github.shubham076.themes.listeners.MyApplicationActivationListener - Don't forget to remove all non-needed sample code files with their corresponding registration entries in `plugin.xml`.
2025-04-30 00:05:03,849 [5272490]   WARN - #com.github.shubham076.themes.listeners.MyApplicationActivationListener - Don't forget to remove all non-needed sample code files with their corresponding registration entries in `plugin.xml`.
2025-04-30 00:05:06,820 [5275461]   WARN - #com.github.shubham076.themes.listeners.MyApplicationActivationListener - Don't forget to remove all non-needed sample code files with their corresponding registration entries in `plugin.xml`.
2025-04-30 00:05:07,832 [5276473]   WARN - #com.github.shubham076.themes.listeners.MyApplicationActivationListener - Don't forget to remove all non-needed sample code files with their corresponding registration entries in `plugin.xml`.
2025-04-30 00:05:12,213 [5280854]   WARN - #com.github.shubham076.themes.listeners.MyApplicationActivationListener - Don't forget to remove all non-needed sample code files with their corresponding registration entries in `plugin.xml`.
2025-04-30 00:05:18,907 [5287548]   WARN - #com.github.shubham076.themes.listeners.MyApplicationActivationListener - Don't forget to remove all non-needed sample code files with their corresponding registration entries in `plugin.xml`.
2025-04-30 00:05:19,929 [5288570]   WARN - #com.github.shubham076.themes.listeners.MyApplicationActivationListener - Don't forget to remove all non-needed sample code files with their corresponding registration entries in `plugin.xml`.
[0.004s][warning][cds] Archived non-system classes are disabled because the java.system.class.loader property is specified (value = "com.intellij.util.lang.PathClassLoader"). To use archived non-system classes, this property must not be set
2025-04-30 05:15:42,443 [   2444]   WARN - #c.i.i.u.UIThemeBean - Do not set theme id in JSON (value=4b6007f7-b596-4ee2-96f9-968d3d3eb392)
2025-04-30 05:15:42,649 [   2650]   WARN - #com.github.shubham076.themes.listeners.MyApplicationActivationListener - Don't forget to remove all non-needed sample code files with their corresponding registration entries in `plugin.xml`.
2025-04-30 05:15:43,297 [   3298]   WARN - #com.github.shubham076.themes.toolWindow.MyToolWindowFactory - Don't forget to remove all non-needed sample code files with their corresponding registration entries in `plugin.xml`.
2025-04-30 05:15:45,901 [   5902]   WARN - #c.i.i.SystemHealthMonitor - issue detected: ide.script.launcher.used (ignored)
2025-04-30 05:15:45,925 [   5926]   WARN - #c.i.s.c.i.StationSocketConnectionLoop - Discovery connection failed with NoSuchFileException (/run/user/1000/jb.station.sock)
2025-04-30 05:15:46,250 [   6251]   WARN - #com.github.shubham076.themes.listeners.MyApplicationActivationListener - Don't forget to remove all non-needed sample code files with their corresponding registration entries in `plugin.xml`.
2025-04-30 05:15:47,015 [   7016]   WARN - #com.github.shubham076.themes.listeners.MyApplicationActivationListener - Don't forget to remove all non-needed sample code files with their corresponding registration entries in `plugin.xml`.
2025-04-30 05:15:50,513 [  10514]   WARN - #com.github.shubham076.themes.listeners.MyApplicationActivationListener - Don't forget to remove all non-needed sample code files with their corresponding registration entries in `plugin.xml`.
2025-04-30 05:15:51,290 [  11291]   WARN - #com.github.shubham076.themes.listeners.MyApplicationActivationListener - Don't forget to remove all non-needed sample code files with their corresponding registration entries in `plugin.xml`.
2025-04-30 05:17:24,045 [ 104046]   WARN - #com.github.shubham076.themes.listeners.MyApplicationActivationListener - Don't forget to remove all non-needed sample code files with their corresponding registration entries in `plugin.xml`.
2025-04-30 05:21:33,286 [ 353287]   WARN - #com.github.shubham076.themes.listeners.MyApplicationActivationListener - Don't forget to remove all non-needed sample code files with their corresponding registration entries in `plugin.xml`.
2025-04-30 05:21:35,815 [ 355816]   WARN - #com.github.shubham076.themes.listeners.MyApplicationActivationListener - Don't forget to remove all non-needed sample code files with their corresponding registration entries in `plugin.xml`.
2025-04-30 05:21:43,201 [ 363202]   WARN - #com.github.shubham076.themes.listeners.MyApplicationActivationListener - Don't forget to remove all non-needed sample code files with their corresponding registration entries in `plugin.xml`.
2025-04-30 05:21:47,829 [ 367830]   WARN - #com.github.shubham076.themes.listeners.MyApplicationActivationListener - Don't forget to remove all non-needed sample code files with their corresponding registration entries in `plugin.xml`.
2025-04-30 05:22:09,944 [ 389945]   WARN - #com.github.shubham076.themes.listeners.MyApplicationActivationListener - Don't forget to remove all non-needed sample code files with their corresponding registration entries in `plugin.xml`.
2025-04-30 05:25:15,487 [ 575488] SEVERE - #c.i.l.j.s.JSLanguageServiceQueue - Language server commands should be launched within a cancellable read action or within a coroutine.
java.lang.IllegalStateException: Language server commands should be launched within a cancellable read action or within a coroutine.
	at com.intellij.lang.javascript.service.JSLanguageServiceQueueImpl$NonCancellableThreadCompatibilityService.runInCompatibilityMode(JSLanguageServiceQueueImpl.kt:574)
	at com.intellij.lang.javascript.service.JSLanguageServiceQueueImpl.executeBlocking(JSLanguageServiceQueueImpl.kt:336)
	at com.intellij.lang.javascript.service.JSLanguageServiceQueueImpl.execute(JSLanguageServiceQueueImpl.kt:232)
	at com.intellij.lang.javascript.service.JSLanguageServiceBase.sendCommand(JSLanguageServiceBase.kt:243)
	at com.intellij.lang.javascript.service.JSLanguageServiceFileCommandCache.calculateWithCache(JSLanguageServiceFileCommandCache.kt:51)
	at com.intellij.lang.typescript.compiler.languageService.codeFixes.TypeScriptLanguageServiceFixSet.calcAndUpdateState(TypeScriptLanguageServiceFixSet.java:102)
	at com.intellij.lang.typescript.compiler.languageService.codeFixes.TypeScriptLanguageServiceFixSet.refresh(TypeScriptLanguageServiceFixSet.java:88)
	at com.intellij.lang.typescript.compiler.languageService.codeFixes.TypeScriptLanguageServiceFixSet.lambda$new$1(TypeScriptLanguageServiceFixSet.java:61)
	at com.intellij.lang.typescript.compiler.languageService.codeFixes.TypeScriptLanguageServiceFix.getText(TypeScriptLanguageServiceFix.java:108)
	at com.intellij.lang.typescript.compiler.languageService.codeFixes.TypeScriptLanguageServiceFix.getFamilyName(TypeScriptLanguageServiceFix.java:117)
	at com.intellij.codeInsight.intention.impl.IntentionActionWithTextCaching$MyIntentionAction.getFamilyName(IntentionActionWithTextCaching.java:234)
	at com.intellij.codeInsight.intention.impl.config.IntentionManagerSettings.isShowLightBulb(IntentionManagerSettings.kt:40)
	at com.intellij.codeInsight.intention.impl.CachedIntentions.lambda$showBulb$5(CachedIntentions.java:412)
	at com.intellij.util.containers.ContainerUtil.exists(ContainerUtil.java:2295)
	at com.intellij.codeInsight.intention.impl.CachedIntentions.showBulb(CachedIntentions.java:412)
	at com.intellij.codeInsight.daemon.impl.IntentionsUIImpl.update(IntentionsUIImpl.java:59)
	at com.intellij.codeInsight.daemon.impl.ShowIntentionsPass.doApplyInformationToEditor(ShowIntentionsPass.java:264)
	at com.intellij.codeHighlighting.TextEditorHighlightingPass.applyInformationToEditor(TextEditorHighlightingPass.java:120)
	at com.intellij.codeInsight.daemon.impl.PassExecutorService.lambda$applyInformationToEditorsLater$3(PassExecutorService.java:524)
	at com.intellij.openapi.application.TransactionGuardImpl.runWithWritingAllowed(TransactionGuardImpl.java:240)
	at com.intellij.openapi.application.TransactionGuardImpl.access$100(TransactionGuardImpl.java:25)
	at com.intellij.openapi.application.TransactionGuardImpl$1.run(TransactionGuardImpl.java:202)
	at com.intellij.openapi.application.impl.AnyThreadWriteThreadingSupport.runIntendedWriteActionOnCurrentThread$lambda$7(AnyThreadWriteThreadingSupport.kt:319)
	at com.intellij.openapi.application.impl.AnyThreadWriteThreadingSupport.runWriteIntentReadAction$lambda$6(AnyThreadWriteThreadingSupport.kt:274)
	at com.intellij.openapi.application.impl.AnyThreadWriteThreadingSupport.runWithTemporaryThreadLocal(AnyThreadWriteThreadingSupport.kt:204)
	at com.intellij.openapi.application.impl.AnyThreadWriteThreadingSupport.runWriteIntentReadAction(AnyThreadWriteThreadingSupport.kt:274)
	at com.intellij.openapi.application.impl.AnyThreadWriteThreadingSupport.runWriteIntentReadAction(AnyThreadWriteThreadingSupport.kt:222)
	at com.intellij.openapi.application.impl.AnyThreadWriteThreadingSupport.runIntendedWriteActionOnCurrentThread(AnyThreadWriteThreadingSupport.kt:318)
	at com.intellij.openapi.application.impl.ApplicationImpl.runIntendedWriteActionOnCurrentThread(ApplicationImpl.java:928)
	at com.intellij.openapi.application.impl.ApplicationImpl$4.run(ApplicationImpl.java:501)
	at com.intellij.util.concurrency.ChildContext$runInChildContext$1.invoke(propagation.kt:102)
	at com.intellij.util.concurrency.ChildContext$runInChildContext$1.invoke(propagation.kt:102)
	at com.intellij.util.concurrency.ChildContext.runInChildContext(propagation.kt:108)
	at com.intellij.util.concurrency.ChildContext.runInChildContext(propagation.kt:102)
	at com.intellij.util.concurrency.ContextRunnable.run(ContextRunnable.java:27)
	at com.intellij.openapi.application.impl.FlushQueue.runNextEvent(FlushQueue.java:117)
	at com.intellij.openapi.application.impl.FlushQueue.flushNow(FlushQueue.java:43)
	at java.desktop/java.awt.event.InvocationEvent.dispatch(InvocationEvent.java:318)
	at java.desktop/java.awt.EventQueue.dispatchEventImpl(EventQueue.java:781)
	at java.desktop/java.awt.EventQueue$4.run(EventQueue.java:728)
	at java.desktop/java.awt.EventQueue$4.run(EventQueue.java:722)
	at java.base/java.security.AccessController.doPrivileged(AccessController.java:400)
	at java.base/java.security.ProtectionDomain$JavaSecurityAccessImpl.doIntersectionPrivilege(ProtectionDomain.java:87)
	at java.desktop/java.awt.EventQueue.dispatchEvent(EventQueue.java:750)
	at com.intellij.ide.IdeEventQueue.defaultDispatchEvent(IdeEventQueue.kt:585)
	at com.intellij.ide.IdeEventQueue._dispatchEvent(IdeEventQueue.kt:482)
	at com.intellij.ide.IdeEventQueue.dispatchEvent$lambda$12$lambda$11$lambda$10$lambda$9(IdeEventQueue.kt:307)
	at com.intellij.openapi.progress.impl.CoreProgressManager.computePrioritized(CoreProgressManager.java:864)
	at com.intellij.ide.IdeEventQueue.dispatchEvent$lambda$12$lambda$11$lambda$10(IdeEventQueue.kt:306)
	at com.intellij.ide.IdeEventQueueKt.performActivity$lambda$3(IdeEventQueue.kt:958)
	at com.intellij.openapi.application.TransactionGuardImpl.performActivity(TransactionGuardImpl.java:109)
	at com.intellij.ide.IdeEventQueueKt.performActivity(IdeEventQueue.kt:958)
	at com.intellij.ide.IdeEventQueue.dispatchEvent$lambda$12(IdeEventQueue.kt:301)
	at com.intellij.ide.IdeEventQueue.dispatchEvent(IdeEventQueue.kt:341)
	at java.desktop/java.awt.EventDispatchThread.pumpOneEventForFilters(EventDispatchThread.java:207)
	at java.desktop/java.awt.EventDispatchThread.pumpEventsForFilter(EventDispatchThread.java:128)
	at java.desktop/java.awt.EventDispatchThread.pumpEventsForHierarchy(EventDispatchThread.java:117)
	at java.desktop/java.awt.EventDispatchThread.pumpEvents(EventDispatchThread.java:113)
	at java.desktop/java.awt.EventDispatchThread.pumpEvents(EventDispatchThread.java:105)
	at java.desktop/java.awt.EventDispatchThread.run(EventDispatchThread.java:92)
2025-04-30 05:25:15,495 [ 575496] SEVERE - #c.i.l.j.s.JSLanguageServiceQueue - WebStorm 2025.1  Build #WS-251.23774.424
2025-04-30 05:25:15,495 [ 575496] SEVERE - #c.i.l.j.s.JSLanguageServiceQueue - JDK: 21.0.6; VM: OpenJDK 64-Bit Server VM; Vendor: JetBrains s.r.o.
2025-04-30 05:25:15,495 [ 575496] SEVERE - #c.i.l.j.s.JSLanguageServiceQueue - OS: Linux
2025-04-30 05:25:15,495 [ 575496] SEVERE - #c.i.l.j.s.JSLanguageServiceQueue - Last Action: Javascript.Linters.EsLint.Fix
2025-04-30 05:25:20,663 [ 580664]   WARN - #c.i.l.j.c.JSInsertHandler - possibleFunctionData wasn't calculated
2025-04-30 05:26:16,518 [ 636519]   WARN - #com.github.shubham076.themes.listeners.MyApplicationActivationListener - Don't forget to remove all non-needed sample code files with their corresponding registration entries in `plugin.xml`.
2025-04-30 05:26:17,818 [ 637819]   WARN - #com.github.shubham076.themes.listeners.MyApplicationActivationListener - Don't forget to remove all non-needed sample code files with their corresponding registration entries in `plugin.xml`.
2025-04-30 05:27:26,737 [ 706738]   WARN - #com.github.shubham076.themes.listeners.MyApplicationActivationListener - Don't forget to remove all non-needed sample code files with their corresponding registration entries in `plugin.xml`.
2025-04-30 05:27:56,184 [ 736185]   WARN - #com.github.shubham076.themes.listeners.MyApplicationActivationListener - Don't forget to remove all non-needed sample code files with their corresponding registration entries in `plugin.xml`.
2025-04-30 05:28:57,643 [ 797644]   WARN - #com.github.shubham076.themes.listeners.MyApplicationActivationListener - Don't forget to remove all non-needed sample code files with their corresponding registration entries in `plugin.xml`.
2025-04-30 05:28:59,939 [ 799940]   WARN - #com.github.shubham076.themes.listeners.MyApplicationActivationListener - Don't forget to remove all non-needed sample code files with their corresponding registration entries in `plugin.xml`.
2025-04-30 05:30:22,226 [ 882227]   WARN - #com.github.shubham076.themes.listeners.MyApplicationActivationListener - Don't forget to remove all non-needed sample code files with their corresponding registration entries in `plugin.xml`.
2025-04-30 05:31:04,639 [ 924640]   WARN - #com.github.shubham076.themes.listeners.MyApplicationActivationListener - Don't forget to remove all non-needed sample code files with their corresponding registration entries in `plugin.xml`.
2025-04-30 05:31:29,008 [ 949009]   WARN - #com.github.shubham076.themes.listeners.MyApplicationActivationListener - Don't forget to remove all non-needed sample code files with their corresponding registration entries in `plugin.xml`.
2025-04-30 05:31:32,403 [ 952404]   WARN - #com.github.shubham076.themes.listeners.MyApplicationActivationListener - Don't forget to remove all non-needed sample code files with their corresponding registration entries in `plugin.xml`.
2025-04-30 05:32:15,491 [ 995492]   WARN - #com.github.shubham076.themes.listeners.MyApplicationActivationListener - Don't forget to remove all non-needed sample code files with their corresponding registration entries in `plugin.xml`.
2025-04-30 05:32:30,585 [1010586]   WARN - #com.github.shubham076.themes.listeners.MyApplicationActivationListener - Don't forget to remove all non-needed sample code files with their corresponding registration entries in `plugin.xml`.
2025-04-30 05:32:32,631 [1012632]   WARN - #com.github.shubham076.themes.listeners.MyApplicationActivationListener - Don't forget to remove all non-needed sample code files with their corresponding registration entries in `plugin.xml`.
2025-04-30 05:33:34,600 [1074601]   WARN - #com.github.shubham076.themes.listeners.MyApplicationActivationListener - Don't forget to remove all non-needed sample code files with their corresponding registration entries in `plugin.xml`.
2025-04-30 05:35:18,475 [1178476]   WARN - #c.i.l.j.c.JSInsertHandler - possibleFunctionData wasn't calculated
2025-04-30 05:35:45,564 [1205565]   WARN - #com.github.shubham076.themes.listeners.MyApplicationActivationListener - Don't forget to remove all non-needed sample code files with their corresponding registration entries in `plugin.xml`.
2025-04-30 05:38:25,082 [1365083]   WARN - #com.github.shubham076.themes.listeners.MyApplicationActivationListener - Don't forget to remove all non-needed sample code files with their corresponding registration entries in `plugin.xml`.
2025-04-30 05:38:55,561 [1395562]   WARN - #com.github.shubham076.themes.listeners.MyApplicationActivationListener - Don't forget to remove all non-needed sample code files with their corresponding registration entries in `plugin.xml`.
2025-04-30 05:39:12,746 [1412747]   WARN - #com.github.shubham076.themes.listeners.MyApplicationActivationListener - Don't forget to remove all non-needed sample code files with their corresponding registration entries in `plugin.xml`.
2025-04-30 05:42:05,079 [1585080]   WARN - #com.github.shubham076.themes.listeners.MyApplicationActivationListener - Don't forget to remove all non-needed sample code files with their corresponding registration entries in `plugin.xml`.
2025-04-30 05:42:59,626 [1639627]   WARN - #com.github.shubham076.themes.listeners.MyApplicationActivationListener - Don't forget to remove all non-needed sample code files with their corresponding registration entries in `plugin.xml`.
2025-04-30 05:43:10,659 [1650660]   WARN - #com.github.shubham076.themes.listeners.MyApplicationActivationListener - Don't forget to remove all non-needed sample code files with their corresponding registration entries in `plugin.xml`.
2025-04-30 05:43:26,235 [1666236]   WARN - #com.github.shubham076.themes.listeners.MyApplicationActivationListener - Don't forget to remove all non-needed sample code files with their corresponding registration entries in `plugin.xml`.
2025-04-30 05:44:55,202 [1755203]   WARN - #com.github.shubham076.themes.listeners.MyApplicationActivationListener - Don't forget to remove all non-needed sample code files with their corresponding registration entries in `plugin.xml`.
2025-04-30 05:47:20,105 [1900106]   WARN - #com.github.shubham076.themes.listeners.MyApplicationActivationListener - Don't forget to remove all non-needed sample code files with their corresponding registration entries in `plugin.xml`.
2025-04-30 05:48:24,918 [1964919]   WARN - #com.github.shubham076.themes.listeners.MyApplicationActivationListener - Don't forget to remove all non-needed sample code files with their corresponding registration entries in `plugin.xml`.
2025-04-30 05:48:33,341 [1973342]   WARN - #com.github.shubham076.themes.listeners.MyApplicationActivationListener - Don't forget to remove all non-needed sample code files with their corresponding registration entries in `plugin.xml`.
2025-04-30 05:48:46,571 [1986572]   WARN - #com.github.shubham076.themes.listeners.MyApplicationActivationListener - Don't forget to remove all non-needed sample code files with their corresponding registration entries in `plugin.xml`.
2025-04-30 05:49:09,391 [2009392]   WARN - #com.github.shubham076.themes.listeners.MyApplicationActivationListener - Don't forget to remove all non-needed sample code files with their corresponding registration entries in `plugin.xml`.
2025-04-30 05:49:11,623 [2011624]   WARN - #com.github.shubham076.themes.listeners.MyApplicationActivationListener - Don't forget to remove all non-needed sample code files with their corresponding registration entries in `plugin.xml`.
2025-04-30 05:49:14,764 [2014765]   WARN - #com.github.shubham076.themes.listeners.MyApplicationActivationListener - Don't forget to remove all non-needed sample code files with their corresponding registration entries in `plugin.xml`.
2025-04-30 05:50:19,404 [2079405]   WARN - #com.github.shubham076.themes.listeners.MyApplicationActivationListener - Don't forget to remove all non-needed sample code files with their corresponding registration entries in `plugin.xml`.
2025-04-30 05:50:35,499 [2095500]   WARN - #com.github.shubham076.themes.listeners.MyApplicationActivationListener - Don't forget to remove all non-needed sample code files with their corresponding registration entries in `plugin.xml`.
2025-04-30 05:50:46,598 [2106599]   WARN - #com.github.shubham076.themes.listeners.MyApplicationActivationListener - Don't forget to remove all non-needed sample code files with their corresponding registration entries in `plugin.xml`.
2025-04-30 05:51:02,821 [2122822]   WARN - #com.github.shubham076.themes.listeners.MyApplicationActivationListener - Don't forget to remove all non-needed sample code files with their corresponding registration entries in `plugin.xml`.
2025-04-30 05:52:00,001 [2180002]   WARN - #com.github.shubham076.themes.listeners.MyApplicationActivationListener - Don't forget to remove all non-needed sample code files with their corresponding registration entries in `plugin.xml`.
2025-04-30 05:52:27,352 [2207353]   WARN - #com.github.shubham076.themes.listeners.MyApplicationActivationListener - Don't forget to remove all non-needed sample code files with their corresponding registration entries in `plugin.xml`.
2025-04-30 05:53:02,263 [2242264]   WARN - #com.github.shubham076.themes.listeners.MyApplicationActivationListener - Don't forget to remove all non-needed sample code files with their corresponding registration entries in `plugin.xml`.
2025-04-30 05:53:03,387 [2243388]   WARN - #com.github.shubham076.themes.listeners.MyApplicationActivationListener - Don't forget to remove all non-needed sample code files with their corresponding registration entries in `plugin.xml`.
2025-04-30 05:53:04,669 [2244670]   WARN - #com.github.shubham076.themes.listeners.MyApplicationActivationListener - Don't forget to remove all non-needed sample code files with their corresponding registration entries in `plugin.xml`.
2025-04-30 05:53:23,084 [2263085]   WARN - #com.github.shubham076.themes.listeners.MyApplicationActivationListener - Don't forget to remove all non-needed sample code files with their corresponding registration entries in `plugin.xml`.
2025-04-30 05:53:54,360 [2294361]   WARN - #com.github.shubham076.themes.listeners.MyApplicationActivationListener - Don't forget to remove all non-needed sample code files with their corresponding registration entries in `plugin.xml`.
2025-04-30 05:54:41,455 [2341456]   WARN - #com.github.shubham076.themes.listeners.MyApplicationActivationListener - Don't forget to remove all non-needed sample code files with their corresponding registration entries in `plugin.xml`.
2025-04-30 05:55:21,497 [2381498]   WARN - #com.github.shubham076.themes.listeners.MyApplicationActivationListener - Don't forget to remove all non-needed sample code files with their corresponding registration entries in `plugin.xml`.
2025-04-30 05:56:29,609 [2449610]   WARN - #com.github.shubham076.themes.listeners.MyApplicationActivationListener - Don't forget to remove all non-needed sample code files with their corresponding registration entries in `plugin.xml`.
2025-04-30 05:57:20,510 [2500511]   WARN - #com.github.shubham076.themes.listeners.MyApplicationActivationListener - Don't forget to remove all non-needed sample code files with their corresponding registration entries in `plugin.xml`.
2025-04-30 05:57:21,667 [2501668]   WARN - #com.github.shubham076.themes.listeners.MyApplicationActivationListener - Don't forget to remove all non-needed sample code files with their corresponding registration entries in `plugin.xml`.
2025-04-30 05:57:22,929 [2502930]   WARN - #com.github.shubham076.themes.listeners.MyApplicationActivationListener - Don't forget to remove all non-needed sample code files with their corresponding registration entries in `plugin.xml`.
2025-04-30 05:57:24,328 [2504329]   WARN - #com.github.shubham076.themes.listeners.MyApplicationActivationListener - Don't forget to remove all non-needed sample code files with their corresponding registration entries in `plugin.xml`.
2025-04-30 05:57:26,728 [2506729]   WARN - #com.github.shubham076.themes.listeners.MyApplicationActivationListener - Don't forget to remove all non-needed sample code files with their corresponding registration entries in `plugin.xml`.
2025-04-30 05:57:36,198 [2516199]   WARN - #com.github.shubham076.themes.listeners.MyApplicationActivationListener - Don't forget to remove all non-needed sample code files with their corresponding registration entries in `plugin.xml`.
2025-04-30 05:57:39,291 [2519292]   WARN - #com.github.shubham076.themes.listeners.MyApplicationActivationListener - Don't forget to remove all non-needed sample code files with their corresponding registration entries in `plugin.xml`.
2025-04-30 06:02:26,714 [2806715]   WARN - #com.github.shubham076.themes.listeners.MyApplicationActivationListener - Don't forget to remove all non-needed sample code files with their corresponding registration entries in `plugin.xml`.
2025-04-30 06:02:52,214 [2832215]   WARN - #com.github.shubham076.themes.listeners.MyApplicationActivationListener - Don't forget to remove all non-needed sample code files with their corresponding registration entries in `plugin.xml`.
2025-04-30 06:03:59,741 [2899742]   WARN - #com.github.shubham076.themes.listeners.MyApplicationActivationListener - Don't forget to remove all non-needed sample code files with their corresponding registration entries in `plugin.xml`.
2025-04-30 06:04:27,106 [2927107]   WARN - #com.github.shubham076.themes.listeners.MyApplicationActivationListener - Don't forget to remove all non-needed sample code files with their corresponding registration entries in `plugin.xml`.
2025-04-30 06:04:30,360 [2930361]   WARN - #com.github.shubham076.themes.listeners.MyApplicationActivationListener - Don't forget to remove all non-needed sample code files with their corresponding registration entries in `plugin.xml`.
2025-04-30 06:06:36,585 [3056586]   WARN - #com.github.shubham076.themes.listeners.MyApplicationActivationListener - Don't forget to remove all non-needed sample code files with their corresponding registration entries in `plugin.xml`.
2025-04-30 06:07:21,212 [3101213]   WARN - #com.github.shubham076.themes.listeners.MyApplicationActivationListener - Don't forget to remove all non-needed sample code files with their corresponding registration entries in `plugin.xml`.
2025-04-30 06:07:35,160 [3115161]   WARN - #com.github.shubham076.themes.listeners.MyApplicationActivationListener - Don't forget to remove all non-needed sample code files with their corresponding registration entries in `plugin.xml`.
2025-04-30 06:10:10,326 [3270327]   WARN - #com.github.shubham076.themes.listeners.MyApplicationActivationListener - Don't forget to remove all non-needed sample code files with their corresponding registration entries in `plugin.xml`.
2025-04-30 06:10:24,375 [3284376]   WARN - #com.github.shubham076.themes.listeners.MyApplicationActivationListener - Don't forget to remove all non-needed sample code files with their corresponding registration entries in `plugin.xml`.
2025-04-30 06:10:59,024 [3319025]   WARN - #com.github.shubham076.themes.listeners.MyApplicationActivationListener - Don't forget to remove all non-needed sample code files with their corresponding registration entries in `plugin.xml`.
2025-04-30 06:11:02,383 [3322384]   WARN - #com.github.shubham076.themes.listeners.MyApplicationActivationListener - Don't forget to remove all non-needed sample code files with their corresponding registration entries in `plugin.xml`.
2025-04-30 06:11:45,765 [3365766]   WARN - #com.github.shubham076.themes.listeners.MyApplicationActivationListener - Don't forget to remove all non-needed sample code files with their corresponding registration entries in `plugin.xml`.
2025-04-30 06:11:55,570 [3375571]   WARN - #com.github.shubham076.themes.listeners.MyApplicationActivationListener - Don't forget to remove all non-needed sample code files with their corresponding registration entries in `plugin.xml`.
2025-04-30 06:12:15,198 [3395199]   WARN - #com.github.shubham076.themes.listeners.MyApplicationActivationListener - Don't forget to remove all non-needed sample code files with their corresponding registration entries in `plugin.xml`.
2025-04-30 06:12:27,497 [3407498]   WARN - #com.github.shubham076.themes.listeners.MyApplicationActivationListener - Don't forget to remove all non-needed sample code files with their corresponding registration entries in `plugin.xml`.
2025-04-30 06:12:37,379 [3417380]   WARN - #com.github.shubham076.themes.listeners.MyApplicationActivationListener - Don't forget to remove all non-needed sample code files with their corresponding registration entries in `plugin.xml`.
2025-04-30 06:12:44,267 [3424268]   WARN - #com.github.shubham076.themes.listeners.MyApplicationActivationListener - Don't forget to remove all non-needed sample code files with their corresponding registration entries in `plugin.xml`.
2025-04-30 06:12:57,362 [3437363]   WARN - #com.github.shubham076.themes.listeners.MyApplicationActivationListener - Don't forget to remove all non-needed sample code files with their corresponding registration entries in `plugin.xml`.
2025-04-30 06:13:09,402 [3449403]   WARN - #com.github.shubham076.themes.listeners.MyApplicationActivationListener - Don't forget to remove all non-needed sample code files with their corresponding registration entries in `plugin.xml`.
2025-04-30 06:13:17,480 [3457481]   WARN - #com.github.shubham076.themes.listeners.MyApplicationActivationListener - Don't forget to remove all non-needed sample code files with their corresponding registration entries in `plugin.xml`.
2025-04-30 06:13:41,873 [3481874]   WARN - #com.github.shubham076.themes.listeners.MyApplicationActivationListener - Don't forget to remove all non-needed sample code files with their corresponding registration entries in `plugin.xml`.
2025-04-30 06:14:14,255 [3514256]   WARN - #com.github.shubham076.themes.listeners.MyApplicationActivationListener - Don't forget to remove all non-needed sample code files with their corresponding registration entries in `plugin.xml`.
2025-04-30 06:14:34,502 [3534503]   WARN - #com.github.shubham076.themes.listeners.MyApplicationActivationListener - Don't forget to remove all non-needed sample code files with their corresponding registration entries in `plugin.xml`.
2025-04-30 06:15:16,237 [3576238]   WARN - #com.github.shubham076.themes.listeners.MyApplicationActivationListener - Don't forget to remove all non-needed sample code files with their corresponding registration entries in `plugin.xml`.
2025-04-30 06:15:23,745 [3583746]   WARN - #com.github.shubham076.themes.listeners.MyApplicationActivationListener - Don't forget to remove all non-needed sample code files with their corresponding registration entries in `plugin.xml`.
2025-04-30 06:16:08,687 [3628688]   WARN - #com.github.shubham076.themes.listeners.MyApplicationActivationListener - Don't forget to remove all non-needed sample code files with their corresponding registration entries in `plugin.xml`.
2025-04-30 06:17:10,801 [3690802]   WARN - #com.github.shubham076.themes.listeners.MyApplicationActivationListener - Don't forget to remove all non-needed sample code files with their corresponding registration entries in `plugin.xml`.
2025-04-30 06:17:52,208 [3732209]   WARN - #com.github.shubham076.themes.listeners.MyApplicationActivationListener - Don't forget to remove all non-needed sample code files with their corresponding registration entries in `plugin.xml`.
2025-04-30 06:18:56,389 [3796390]   WARN - #com.github.shubham076.themes.listeners.MyApplicationActivationListener - Don't forget to remove all non-needed sample code files with their corresponding registration entries in `plugin.xml`.
2025-04-30 06:19:05,620 [3805621]   WARN - #com.github.shubham076.themes.listeners.MyApplicationActivationListener - Don't forget to remove all non-needed sample code files with their corresponding registration entries in `plugin.xml`.
2025-04-30 06:22:56,033 [4036034]   WARN - #com.github.shubham076.themes.listeners.MyApplicationActivationListener - Don't forget to remove all non-needed sample code files with their corresponding registration entries in `plugin.xml`.
2025-04-30 06:23:09,940 [4049941]   WARN - #com.github.shubham076.themes.listeners.MyApplicationActivationListener - Don't forget to remove all non-needed sample code files with their corresponding registration entries in `plugin.xml`.
2025-04-30 06:23:11,573 [4051574]   WARN - #com.github.shubham076.themes.listeners.MyApplicationActivationListener - Don't forget to remove all non-needed sample code files with their corresponding registration entries in `plugin.xml`.
2025-04-30 06:23:58,982 [4098983]   WARN - #com.github.shubham076.themes.listeners.MyApplicationActivationListener - Don't forget to remove all non-needed sample code files with their corresponding registration entries in `plugin.xml`.
2025-04-30 06:26:00,949 [4220950]   WARN - #com.github.shubham076.themes.listeners.MyApplicationActivationListener - Don't forget to remove all non-needed sample code files with their corresponding registration entries in `plugin.xml`.
2025-04-30 06:26:42,962 [4262963]   WARN - #com.github.shubham076.themes.listeners.MyApplicationActivationListener - Don't forget to remove all non-needed sample code files with their corresponding registration entries in `plugin.xml`.
2025-04-30 06:28:23,004 [4363005]   WARN - #com.github.shubham076.themes.listeners.MyApplicationActivationListener - Don't forget to remove all non-needed sample code files with their corresponding registration entries in `plugin.xml`.
2025-04-30 06:30:39,092 [4499093]   WARN - #com.github.shubham076.themes.listeners.MyApplicationActivationListener - Don't forget to remove all non-needed sample code files with their corresponding registration entries in `plugin.xml`.
2025-04-30 06:35:05,103 [4765104]   WARN - #com.github.shubham076.themes.listeners.MyApplicationActivationListener - Don't forget to remove all non-needed sample code files with their corresponding registration entries in `plugin.xml`.
2025-04-30 06:38:27,011 [4967012]   WARN - #com.github.shubham076.themes.listeners.MyApplicationActivationListener - Don't forget to remove all non-needed sample code files with their corresponding registration entries in `plugin.xml`.
2025-04-30 06:38:31,650 [4971651]   WARN - #com.github.shubham076.themes.listeners.MyApplicationActivationListener - Don't forget to remove all non-needed sample code files with their corresponding registration entries in `plugin.xml`.
2025-04-30 06:39:12,309 [5012310]   WARN - #com.github.shubham076.themes.listeners.MyApplicationActivationListener - Don't forget to remove all non-needed sample code files with their corresponding registration entries in `plugin.xml`.
2025-04-30 06:39:23,505 [5023506]   WARN - #com.github.shubham076.themes.listeners.MyApplicationActivationListener - Don't forget to remove all non-needed sample code files with their corresponding registration entries in `plugin.xml`.
2025-04-30 06:39:42,074 [5042075]   WARN - #com.github.shubham076.themes.listeners.MyApplicationActivationListener - Don't forget to remove all non-needed sample code files with their corresponding registration entries in `plugin.xml`.
2025-04-30 06:39:44,618 [5044619]   WARN - #com.github.shubham076.themes.listeners.MyApplicationActivationListener - Don't forget to remove all non-needed sample code files with their corresponding registration entries in `plugin.xml`.
2025-04-30 06:39:45,723 [5045724]   WARN - #com.github.shubham076.themes.listeners.MyApplicationActivationListener - Don't forget to remove all non-needed sample code files with their corresponding registration entries in `plugin.xml`.
2025-04-30 06:39:48,728 [5048729]   WARN - #com.github.shubham076.themes.listeners.MyApplicationActivationListener - Don't forget to remove all non-needed sample code files with their corresponding registration entries in `plugin.xml`.
2025-04-30 06:40:16,165 [5076166]   WARN - #com.github.shubham076.themes.listeners.MyApplicationActivationListener - Don't forget to remove all non-needed sample code files with their corresponding registration entries in `plugin.xml`.
2025-04-30 06:40:40,117 [5100118]   WARN - #com.github.shubham076.themes.listeners.MyApplicationActivationListener - Don't forget to remove all non-needed sample code files with their corresponding registration entries in `plugin.xml`.
2025-04-30 06:41:00,462 [5120463]   WARN - #com.github.shubham076.themes.listeners.MyApplicationActivationListener - Don't forget to remove all non-needed sample code files with their corresponding registration entries in `plugin.xml`.
2025-04-30 06:41:08,560 [5128561]   WARN - #com.github.shubham076.themes.listeners.MyApplicationActivationListener - Don't forget to remove all non-needed sample code files with their corresponding registration entries in `plugin.xml`.
2025-04-30 06:41:19,593 [5139594]   WARN - #com.github.shubham076.themes.listeners.MyApplicationActivationListener - Don't forget to remove all non-needed sample code files with their corresponding registration entries in `plugin.xml`.
2025-04-30 06:41:32,768 [5152769]   WARN - #com.github.shubham076.themes.listeners.MyApplicationActivationListener - Don't forget to remove all non-needed sample code files with their corresponding registration entries in `plugin.xml`.
2025-04-30 06:42:33,236 [5213237]   WARN - #com.github.shubham076.themes.listeners.MyApplicationActivationListener - Don't forget to remove all non-needed sample code files with their corresponding registration entries in `plugin.xml`.
2025-04-30 06:42:49,742 [5229743]   WARN - #com.github.shubham076.themes.listeners.MyApplicationActivationListener - Don't forget to remove all non-needed sample code files with their corresponding registration entries in `plugin.xml`.
2025-04-30 06:43:06,742 [5246743]   WARN - #com.github.shubham076.themes.listeners.MyApplicationActivationListener - Don't forget to remove all non-needed sample code files with their corresponding registration entries in `plugin.xml`.
2025-04-30 06:43:58,176 [5298177]   WARN - #com.github.shubham076.themes.listeners.MyApplicationActivationListener - Don't forget to remove all non-needed sample code files with their corresponding registration entries in `plugin.xml`.
2025-04-30 06:44:13,433 [5313434]   WARN - #com.github.shubham076.themes.listeners.MyApplicationActivationListener - Don't forget to remove all non-needed sample code files with their corresponding registration entries in `plugin.xml`.
2025-04-30 06:44:25,655 [5325656]   WARN - #com.github.shubham076.themes.listeners.MyApplicationActivationListener - Don't forget to remove all non-needed sample code files with their corresponding registration entries in `plugin.xml`.
2025-04-30 06:44:32,112 [5332113]   WARN - #com.github.shubham076.themes.listeners.MyApplicationActivationListener - Don't forget to remove all non-needed sample code files with their corresponding registration entries in `plugin.xml`.
2025-04-30 06:44:43,339 [5343340]   WARN - #com.github.shubham076.themes.listeners.MyApplicationActivationListener - Don't forget to remove all non-needed sample code files with their corresponding registration entries in `plugin.xml`.
2025-04-30 06:45:05,590 [5365591]   WARN - #com.github.shubham076.themes.listeners.MyApplicationActivationListener - Don't forget to remove all non-needed sample code files with their corresponding registration entries in `plugin.xml`.
2025-04-30 06:45:13,541 [5373542]   WARN - #com.github.shubham076.themes.listeners.MyApplicationActivationListener - Don't forget to remove all non-needed sample code files with their corresponding registration entries in `plugin.xml`.
2025-04-30 06:45:22,732 [5382733]   WARN - #com.github.shubham076.themes.listeners.MyApplicationActivationListener - Don't forget to remove all non-needed sample code files with their corresponding registration entries in `plugin.xml`.
2025-04-30 06:45:38,254 [5398255]   WARN - #com.github.shubham076.themes.listeners.MyApplicationActivationListener - Don't forget to remove all non-needed sample code files with their corresponding registration entries in `plugin.xml`.
2025-04-30 06:45:46,984 [5406985]   WARN - #com.github.shubham076.themes.listeners.MyApplicationActivationListener - Don't forget to remove all non-needed sample code files with their corresponding registration entries in `plugin.xml`.
2025-04-30 06:46:15,699 [5435700]   WARN - #com.github.shubham076.themes.listeners.MyApplicationActivationListener - Don't forget to remove all non-needed sample code files with their corresponding registration entries in `plugin.xml`.
2025-04-30 06:46:35,717 [5455718]   WARN - #com.github.shubham076.themes.listeners.MyApplicationActivationListener - Don't forget to remove all non-needed sample code files with their corresponding registration entries in `plugin.xml`.
2025-04-30 06:46:50,776 [5470777]   WARN - #com.github.shubham076.themes.listeners.MyApplicationActivationListener - Don't forget to remove all non-needed sample code files with their corresponding registration entries in `plugin.xml`.
2025-04-30 06:47:05,659 [5485660]   WARN - #com.github.shubham076.themes.listeners.MyApplicationActivationListener - Don't forget to remove all non-needed sample code files with their corresponding registration entries in `plugin.xml`.
2025-04-30 06:47:27,639 [5507640]   WARN - #com.github.shubham076.themes.listeners.MyApplicationActivationListener - Don't forget to remove all non-needed sample code files with their corresponding registration entries in `plugin.xml`.
2025-04-30 06:48:03,325 [5543326]   WARN - #com.github.shubham076.themes.listeners.MyApplicationActivationListener - Don't forget to remove all non-needed sample code files with their corresponding registration entries in `plugin.xml`.
2025-04-30 06:48:27,905 [5567906]   WARN - #com.github.shubham076.themes.listeners.MyApplicationActivationListener - Don't forget to remove all non-needed sample code files with their corresponding registration entries in `plugin.xml`.
2025-04-30 06:48:32,020 [5572021]   WARN - #com.github.shubham076.themes.listeners.MyApplicationActivationListener - Don't forget to remove all non-needed sample code files with their corresponding registration entries in `plugin.xml`.
2025-04-30 06:48:42,600 [5582601]   WARN - #com.github.shubham076.themes.listeners.MyApplicationActivationListener - Don't forget to remove all non-needed sample code files with their corresponding registration entries in `plugin.xml`.
2025-04-30 06:49:24,522 [5624523]   WARN - #com.github.shubham076.themes.listeners.MyApplicationActivationListener - Don't forget to remove all non-needed sample code files with their corresponding registration entries in `plugin.xml`.
2025-04-30 06:49:26,084 [5626085]   WARN - #com.github.shubham076.themes.listeners.MyApplicationActivationListener - Don't forget to remove all non-needed sample code files with their corresponding registration entries in `plugin.xml`.
2025-04-30 06:50:05,969 [5665970]   WARN - #com.github.shubham076.themes.listeners.MyApplicationActivationListener - Don't forget to remove all non-needed sample code files with their corresponding registration entries in `plugin.xml`.
2025-04-30 06:51:48,668 [5768669]   WARN - #com.github.shubham076.themes.listeners.MyApplicationActivationListener - Don't forget to remove all non-needed sample code files with their corresponding registration entries in `plugin.xml`.
2025-04-30 06:52:07,799 [5787800]   WARN - #com.github.shubham076.themes.listeners.MyApplicationActivationListener - Don't forget to remove all non-needed sample code files with their corresponding registration entries in `plugin.xml`.
2025-04-30 06:53:52,391 [5892392]   WARN - #com.github.shubham076.themes.listeners.MyApplicationActivationListener - Don't forget to remove all non-needed sample code files with their corresponding registration entries in `plugin.xml`.
2025-04-30 06:54:00,243 [5900244]   WARN - #com.github.shubham076.themes.listeners.MyApplicationActivationListener - Don't forget to remove all non-needed sample code files with their corresponding registration entries in `plugin.xml`.
2025-04-30 06:54:03,363 [5903364]   WARN - #com.github.shubham076.themes.listeners.MyApplicationActivationListener - Don't forget to remove all non-needed sample code files with their corresponding registration entries in `plugin.xml`.
2025-04-30 06:54:07,269 [5907270]   WARN - #com.github.shubham076.themes.listeners.MyApplicationActivationListener - Don't forget to remove all non-needed sample code files with their corresponding registration entries in `plugin.xml`.
2025-04-30 06:54:20,411 [5920412]   WARN - #com.github.shubham076.themes.listeners.MyApplicationActivationListener - Don't forget to remove all non-needed sample code files with their corresponding registration entries in `plugin.xml`.
2025-04-30 06:56:29,278 [6049279]   WARN - #com.github.shubham076.themes.listeners.MyApplicationActivationListener - Don't forget to remove all non-needed sample code files with their corresponding registration entries in `plugin.xml`.
2025-04-30 07:06:49,861 [6669862]   WARN - #com.github.shubham076.themes.listeners.MyApplicationActivationListener - Don't forget to remove all non-needed sample code files with their corresponding registration entries in `plugin.xml`.
2025-04-30 07:13:46,966 [7086967]   WARN - #com.github.shubham076.themes.listeners.MyApplicationActivationListener - Don't forget to remove all non-needed sample code files with their corresponding registration entries in `plugin.xml`.
2025-04-30 07:13:49,247 [7089248]   WARN - #com.github.shubham076.themes.listeners.MyApplicationActivationListener - Don't forget to remove all non-needed sample code files with their corresponding registration entries in `plugin.xml`.
2025-04-30 07:13:50,343 [7090344]   WARN - #com.github.shubham076.themes.listeners.MyApplicationActivationListener - Don't forget to remove all non-needed sample code files with their corresponding registration entries in `plugin.xml`.
2025-04-30 07:14:29,095 [7129096]   WARN - #com.github.shubham076.themes.listeners.MyApplicationActivationListener - Don't forget to remove all non-needed sample code files with their corresponding registration entries in `plugin.xml`.
2025-04-30 07:14:30,980 [7130981]   WARN - #com.github.shubham076.themes.listeners.MyApplicationActivationListener - Don't forget to remove all non-needed sample code files with their corresponding registration entries in `plugin.xml`.
2025-04-30 07:14:34,927 [7134928]   WARN - #com.github.shubham076.themes.listeners.MyApplicationActivationListener - Don't forget to remove all non-needed sample code files with their corresponding registration entries in `plugin.xml`.
2025-04-30 07:14:41,438 [7141439]   WARN - #com.github.shubham076.themes.listeners.MyApplicationActivationListener - Don't forget to remove all non-needed sample code files with their corresponding registration entries in `plugin.xml`.
2025-04-30 07:15:07,104 [7167105]   WARN - #com.github.shubham076.themes.listeners.MyApplicationActivationListener - Don't forget to remove all non-needed sample code files with their corresponding registration entries in `plugin.xml`.
2025-04-30 07:15:11,788 [7171789]   WARN - #com.github.shubham076.themes.listeners.MyApplicationActivationListener - Don't forget to remove all non-needed sample code files with their corresponding registration entries in `plugin.xml`.
2025-04-30 07:15:15,281 [7175282]   WARN - #com.github.shubham076.themes.listeners.MyApplicationActivationListener - Don't forget to remove all non-needed sample code files with their corresponding registration entries in `plugin.xml`.
2025-04-30 07:15:16,110 [7176111]   WARN - #com.github.shubham076.themes.listeners.MyApplicationActivationListener - Don't forget to remove all non-needed sample code files with their corresponding registration entries in `plugin.xml`.
2025-04-30 07:15:18,471 [7178472]   WARN - #com.github.shubham076.themes.listeners.MyApplicationActivationListener - Don't forget to remove all non-needed sample code files with their corresponding registration entries in `plugin.xml`.
2025-04-30 07:16:12,826 [7232827]   WARN - #com.github.shubham076.themes.listeners.MyApplicationActivationListener - Don't forget to remove all non-needed sample code files with their corresponding registration entries in `plugin.xml`.
2025-04-30 07:17:58,887 [7338888]   WARN - #com.github.shubham076.themes.listeners.MyApplicationActivationListener - Don't forget to remove all non-needed sample code files with their corresponding registration entries in `plugin.xml`.
2025-04-30 07:18:23,605 [7363606]   WARN - #com.github.shubham076.themes.listeners.MyApplicationActivationListener - Don't forget to remove all non-needed sample code files with their corresponding registration entries in `plugin.xml`.
2025-04-30 07:18:26,085 [7366086]   WARN - #com.github.shubham076.themes.listeners.MyApplicationActivationListener - Don't forget to remove all non-needed sample code files with their corresponding registration entries in `plugin.xml`.
2025-04-30 07:19:27,112 [7427113]   WARN - #com.github.shubham076.themes.listeners.MyApplicationActivationListener - Don't forget to remove all non-needed sample code files with their corresponding registration entries in `plugin.xml`.
2025-04-30 07:20:29,863 [7489864]   WARN - #com.github.shubham076.themes.listeners.MyApplicationActivationListener - Don't forget to remove all non-needed sample code files with their corresponding registration entries in `plugin.xml`.
2025-04-30 07:21:38,057 [7558058]   WARN - #com.github.shubham076.themes.listeners.MyApplicationActivationListener - Don't forget to remove all non-needed sample code files with their corresponding registration entries in `plugin.xml`.
2025-04-30 07:21:39,354 [7559355]   WARN - #com.github.shubham076.themes.listeners.MyApplicationActivationListener - Don't forget to remove all non-needed sample code files with their corresponding registration entries in `plugin.xml`.
2025-04-30 07:21:43,291 [7563292]   WARN - #com.github.shubham076.themes.listeners.MyApplicationActivationListener - Don't forget to remove all non-needed sample code files with their corresponding registration entries in `plugin.xml`.
2025-04-30 07:23:09,962 [7649963]   WARN - #com.github.shubham076.themes.listeners.MyApplicationActivationListener - Don't forget to remove all non-needed sample code files with their corresponding registration entries in `plugin.xml`.
2025-04-30 07:23:11,506 [7651507]   WARN - #com.github.shubham076.themes.listeners.MyApplicationActivationListener - Don't forget to remove all non-needed sample code files with their corresponding registration entries in `plugin.xml`.
2025-04-30 07:23:17,774 [7657775]   WARN - #com.github.shubham076.themes.listeners.MyApplicationActivationListener - Don't forget to remove all non-needed sample code files with their corresponding registration entries in `plugin.xml`.
2025-04-30 07:23:31,449 [7671450]   WARN - #com.github.shubham076.themes.listeners.MyApplicationActivationListener - Don't forget to remove all non-needed sample code files with their corresponding registration entries in `plugin.xml`.
2025-04-30 07:23:40,116 [7680117]   WARN - #com.github.shubham076.themes.listeners.MyApplicationActivationListener - Don't forget to remove all non-needed sample code files with their corresponding registration entries in `plugin.xml`.
2025-04-30 07:23:47,241 [7687242]   WARN - #com.github.shubham076.themes.listeners.MyApplicationActivationListener - Don't forget to remove all non-needed sample code files with their corresponding registration entries in `plugin.xml`.
2025-04-30 07:25:37,853 [7797854]   WARN - #com.github.shubham076.themes.listeners.MyApplicationActivationListener - Don't forget to remove all non-needed sample code files with their corresponding registration entries in `plugin.xml`.
2025-04-30 07:25:42,797 [7802798]   WARN - #com.github.shubham076.themes.listeners.MyApplicationActivationListener - Don't forget to remove all non-needed sample code files with their corresponding registration entries in `plugin.xml`.
2025-04-30 07:27:00,016 [7880017]   WARN - #com.github.shubham076.themes.listeners.MyApplicationActivationListener - Don't forget to remove all non-needed sample code files with their corresponding registration entries in `plugin.xml`.
2025-04-30 07:28:42,228 [7982229]   WARN - #com.github.shubham076.themes.listeners.MyApplicationActivationListener - Don't forget to remove all non-needed sample code files with their corresponding registration entries in `plugin.xml`.
2025-04-30 07:29:10,583 [8010584]   WARN - #com.github.shubham076.themes.listeners.MyApplicationActivationListener - Don't forget to remove all non-needed sample code files with their corresponding registration entries in `plugin.xml`.
2025-04-30 07:29:35,615 [8035616]   WARN - #com.github.shubham076.themes.listeners.MyApplicationActivationListener - Don't forget to remove all non-needed sample code files with their corresponding registration entries in `plugin.xml`.
2025-04-30 07:29:38,455 [8038456]   WARN - #com.github.shubham076.themes.listeners.MyApplicationActivationListener - Don't forget to remove all non-needed sample code files with their corresponding registration entries in `plugin.xml`.
2025-04-30 07:30:02,553 [8062554]   WARN - #com.github.shubham076.themes.listeners.MyApplicationActivationListener - Don't forget to remove all non-needed sample code files with their corresponding registration entries in `plugin.xml`.
2025-04-30 07:30:08,441 [8068442]   WARN - #com.github.shubham076.themes.listeners.MyApplicationActivationListener - Don't forget to remove all non-needed sample code files with their corresponding registration entries in `plugin.xml`.
2025-04-30 07:30:18,122 [8078123]   WARN - #com.github.shubham076.themes.listeners.MyApplicationActivationListener - Don't forget to remove all non-needed sample code files with their corresponding registration entries in `plugin.xml`.
2025-04-30 07:30:39,347 [8099348]   WARN - #com.github.shubham076.themes.listeners.MyApplicationActivationListener - Don't forget to remove all non-needed sample code files with their corresponding registration entries in `plugin.xml`.
2025-04-30 07:30:41,236 [8101237]   WARN - #com.github.shubham076.themes.listeners.MyApplicationActivationListener - Don't forget to remove all non-needed sample code files with their corresponding registration entries in `plugin.xml`.
2025-04-30 07:30:42,328 [8102329]   WARN - #com.github.shubham076.themes.listeners.MyApplicationActivationListener - Don't forget to remove all non-needed sample code files with their corresponding registration entries in `plugin.xml`.
2025-04-30 07:30:44,502 [8104503]   WARN - #com.github.shubham076.themes.listeners.MyApplicationActivationListener - Don't forget to remove all non-needed sample code files with their corresponding registration entries in `plugin.xml`.
2025-04-30 07:30:46,070 [8106071]   WARN - #com.github.shubham076.themes.listeners.MyApplicationActivationListener - Don't forget to remove all non-needed sample code files with their corresponding registration entries in `plugin.xml`.
2025-04-30 07:30:50,081 [8110082]   WARN - #com.github.shubham076.themes.listeners.MyApplicationActivationListener - Don't forget to remove all non-needed sample code files with their corresponding registration entries in `plugin.xml`.
2025-04-30 07:30:56,325 [8116326]   WARN - #com.github.shubham076.themes.listeners.MyApplicationActivationListener - Don't forget to remove all non-needed sample code files with their corresponding registration entries in `plugin.xml`.
2025-04-30 07:31:13,062 [8133063]   WARN - #com.github.shubham076.themes.listeners.MyApplicationActivationListener - Don't forget to remove all non-needed sample code files with their corresponding registration entries in `plugin.xml`.
2025-04-30 07:32:33,343 [8213344]   WARN - #com.github.shubham076.themes.listeners.MyApplicationActivationListener - Don't forget to remove all non-needed sample code files with their corresponding registration entries in `plugin.xml`.
2025-04-30 07:32:43,606 [8223607]   WARN - #com.github.shubham076.themes.listeners.MyApplicationActivationListener - Don't forget to remove all non-needed sample code files with their corresponding registration entries in `plugin.xml`.
2025-04-30 07:33:19,970 [8259971]   WARN - #com.github.shubham076.themes.listeners.MyApplicationActivationListener - Don't forget to remove all non-needed sample code files with their corresponding registration entries in `plugin.xml`.
Initialize logger: level=10 file='/home/cool29/jcef_581659.log'
2025-04-30 07:33:28,532 [8268533]   WARN - #com.github.shubham076.themes.listeners.MyApplicationActivationListener - Don't forget to remove all non-needed sample code files with their corresponding registration entries in `plugin.xml`.
2025-04-30 07:42:07,422 [8787423]   WARN - #com.github.shubham076.themes.listeners.MyApplicationActivationListener - Don't forget to remove all non-needed sample code files with their corresponding registration entries in `plugin.xml`.
2025-04-30 07:42:08,426 [8788427]   WARN - #com.github.shubham076.themes.listeners.MyApplicationActivationListener - Don't forget to remove all non-needed sample code files with their corresponding registration entries in `plugin.xml`.
2025-04-30 07:42:09,231 [8789232]   WARN - #com.github.shubham076.themes.listeners.MyApplicationActivationListener - Don't forget to remove all non-needed sample code files with their corresponding registration entries in `plugin.xml`.
Starting cer server. Pre-initialize spent 0 ms.
[0.017s][warning][cds] Archived non-system classes are disabled because the java.system.class.loader property is specified (value = "com.intellij.util.lang.PathClassLoader"). To use archived non-system classes, this property must not be set
2025-04-30 07:52:25,552 [   2797]   WARN - #c.i.i.u.UIThemeBean - Do not set theme id in JSON (value=4b6007f7-b596-4ee2-96f9-968d3d3eb392)
2025-04-30 07:52:25,772 [   3017]   WARN - #com.github.shubham076.themes.listeners.MyApplicationActivationListener - Don't forget to remove all non-needed sample code files with their corresponding registration entries in `plugin.xml`.
2025-04-30 07:52:26,552 [   3797]   WARN - #com.github.shubham076.themes.toolWindow.MyToolWindowFactory - Don't forget to remove all non-needed sample code files with their corresponding registration entries in `plugin.xml`.
2025-04-30 07:52:29,380 [   6625]   WARN - #c.i.i.SystemHealthMonitor - issue detected: ide.script.launcher.used (ignored)
2025-04-30 07:52:29,411 [   6656]   WARN - #c.i.s.c.i.StationSocketConnectionLoop - Discovery connection failed with NoSuchFileException (/run/user/1000/jb.station.sock)
2025-04-30 07:52:36,500 [  13745]   WARN - #com.github.shubham076.themes.listeners.MyApplicationActivationListener - Don't forget to remove all non-needed sample code files with their corresponding registration entries in `plugin.xml`.
2025-04-30 07:52:36,528 [  13773]   WARN - #com.github.shubham076.themes.listeners.MyApplicationActivationListener - Don't forget to remove all non-needed sample code files with their corresponding registration entries in `plugin.xml`.
2025-04-30 07:52:36,886 [  14131]   WARN - #com.github.shubham076.themes.listeners.MyApplicationActivationListener - Don't forget to remove all non-needed sample code files with their corresponding registration entries in `plugin.xml`.
2025-04-30 07:52:41,023 [  18268]   WARN - #com.github.shubham076.themes.listeners.MyApplicationActivationListener - Don't forget to remove all non-needed sample code files with their corresponding registration entries in `plugin.xml`.
2025-04-30 07:52:44,510 [  21755]   WARN - #com.github.shubham076.themes.listeners.MyApplicationActivationListener - Don't forget to remove all non-needed sample code files with their corresponding registration entries in `plugin.xml`.
2025-04-30 07:52:44,604 [  21849]   WARN - #com.github.shubham076.themes.listeners.MyApplicationActivationListener - Don't forget to remove all non-needed sample code files with their corresponding registration entries in `plugin.xml`.
2025-04-30 07:52:44,619 [  21864]   WARN - #com.github.shubham076.themes.listeners.MyApplicationActivationListener - Don't forget to remove all non-needed sample code files with their corresponding registration entries in `plugin.xml`.
2025-04-30 07:52:51,521 [  28766]   WARN - #com.github.shubham076.themes.listeners.MyApplicationActivationListener - Don't forget to remove all non-needed sample code files with their corresponding registration entries in `plugin.xml`.
2025-04-30 07:52:57,564 [  34809]   WARN - #com.github.shubham076.themes.listeners.MyApplicationActivationListener - Don't forget to remove all non-needed sample code files with their corresponding registration entries in `plugin.xml`.
2025-04-30 07:52:57,857 [  35102]   WARN - #com.github.shubham076.themes.listeners.MyApplicationActivationListener - Don't forget to remove all non-needed sample code files with their corresponding registration entries in `plugin.xml`.
2025-04-30 07:54:06,759 [ 104004]   WARN - #com.github.shubham076.themes.listeners.MyApplicationActivationListener - Don't forget to remove all non-needed sample code files with their corresponding registration entries in `plugin.xml`.
[0.010s][warning][cds] Archived non-system classes are disabled because the java.system.class.loader property is specified (value = "com.intellij.util.lang.PathClassLoader"). To use archived non-system classes, this property must not be set
2025-04-30 08:00:02,893 [ 460138]   WARN - #com.github.shubham076.themes.listeners.MyApplicationActivationListener - Don't forget to remove all non-needed sample code files with their corresponding registration entries in `plugin.xml`.
2025-04-30 08:00:05,404 [ 462649]   WARN - #com.github.shubham076.themes.listeners.MyApplicationActivationListener - Don't forget to remove all non-needed sample code files with their corresponding registration entries in `plugin.xml`.
2025-04-30 08:00:09,182 [ 466427]   WARN - #com.github.shubham076.themes.listeners.MyApplicationActivationListener - Don't forget to remove all non-needed sample code files with their corresponding registration entries in `plugin.xml`.
SystemLocale C
SystemLanguage C.UTF-8
SystemEncoding UTF-8
DefaultSystemCodePage 65001
DefaultFileSystemCodePage 65001
DefaultRTLFileSystemCodePage 65001
ImageMagick: libMagickWand-6.Q16.so.7
Starting GuiMessageQueue
Starting Double Commander
Double Commander 1.1.11 beta
Revision: 410
Commit: f1b449635
Build: 2024/04/01
Lazarus: 3.0.0.3
Free Pascal: 3.2.2
Platform: x86_64-Linux-qt5
System: Ubuntu 24.04.2 LTS
Desktop Environment: Xfce
Widgetset library: Qt 5.15.13, libQt5Pas 5.6.1
This program is free software released under terms of GNU GPL 2
Copyright (C) 2006-2024 Alexander Koblov
   and contributors (see about dialog)
Executable directory: /usr/lib/doublecmd/
Configuration directory: /home/cool29/.config/doublecmd
Global configuration directory: /usr/lib/doublecmd/settings/
Loading configuration from /home/cool29/.config/doublecmd/
Error loading configuration file /home/cool29/.config/doublecmd/favoritetabs.xml
PollThread: Start polling
PollThread: AddPoll 21
Creating PixmapManager
Loading icon theme DCThe2025-04-30 08:00:14,001 [ 471246]   WARN - #com.github.shubham076.themes.listeners.MyApplicationActivationListener - Don't forget to remove all non-needed sample code files with their corresponding registration entries in `plugin.xml`.
2025-04-30 08:00:14,185 [ 471430]   WARN - #com.github.shubham076.themes.listeners.MyApplicationActivationListener - Don't forget to remove all non-needed sample code files with their corresponding registration entries in `plugin.xml`.
2025-04-30 08:00:14,193 [ 471438]   WARN - #com.github.shubham076.themes.listeners.MyApplicationActivationListener - Don't forget to remove all non-needed sample code files with their corresponding registration entries in `plugin.xml`.
2025-04-30 08:00:14,265 [ 471510]   WARN - #com.github.shubham076.themes.listeners.MyApplicationActivationListener - Don't forget to remove all non-needed sample code files with their corresponding registration entries in `plugin.xml`.
me
TColumnsFileView.Create components
Creating TFileSystemFileSource
TColumnsFileView.Create components
PollThread: AddPoll 28
UDev: Begin monitoring
Detecting mounts through /proc/self/mounts
PollThread: AddPoll 29
FileSystemWatcher thread starting
frmMain.frmMainShow
Saving configuration
PollThread: RemovePoll 21
PollThread: AddPoll 21
Finished Double Commander
Destroying main form
Drive watcher finished
Waiting for FileSystemWatcher thread
FileSystemWatcher thread finished
Main form destroyed
Waiting for2025-04-30 08:00:17,800 [ 475045]   WARN - #com.github.shubham076.themes.listeners.MyApplicationActivationListener - Don't forget to remove all non-needed sample code files with their corresponding registration entries in `plugin.xml`.
 workers thread 0000000020475598
Finalized workers thread   0000000020475598
Waiting for workers thread 0000000020472798
Finalized workers thread   0000000020472798
Destroying TFileSystemFileSource when refcount=0
2025-04-30 08:00:18,707 [ 475952]   WARN - #com.github.shubham076.themes.listeners.MyApplicationActivationListener - Don't forget to remove all non-needed sample code files with their corresponding registration entries in `plugin.xml`.
2025-04-30 08:00:19,938 [ 477183]   WARN - #com.github.shubham076.themes.listeners.MyApplicationActivationListener - Don't forget to remove all non-needed sample code files with their corresponding registration entries in `plugin.xml`.
2025-04-30 08:00:21,323 [ 478568]   WARN - #com.github.shubham076.themes.listeners.MyApplicationActivationListener - Don't forget to remove all non-needed sample code files with their corresponding registration entries in `plugin.xml`.
2025-04-30 08:00:27,439 [ 484684]   WARN - #com.github.shubham076.themes.listeners.MyApplicationActivationListener - Don't forget to remove all non-needed sample code files with their corresponding registration entries in `plugin.xml`.
2025-04-30 08:00:28,978 [ 486223]   WARN - #com.github.shubham076.themes.listeners.MyApplicationActivationListener - Don't forget to remove all non-needed sample code files with their corresponding registration entries in `plugin.xml`.
2025-04-30 08:00:30,475 [ 487720]   WARN - #com.github.shubham076.themes.listeners.MyApplicationActivationListener - Don't forget to remove all non-needed sample code files with their corresponding registration entries in `plugin.xml`.
2025-04-30 08:00:32,005 [ 489250]   WARN - #com.github.shubham076.themes.listeners.MyApplicationActivationListener - Don't forget to remove all non-needed sample code files with their corresponding registration entries in `plugin.xml`.
2025-04-30 08:00:33,598 [ 490843]   WARN - #com.github.shubham076.themes.listeners.MyApplicationActivationListener - Don't forget to remove all non-needed sample code files with their corresponding registration entries in `plugin.xml`.
SystemLocale C
SystemLanguage C.UTF-8
SystemEncoding UTF-8
DefaultSystemCodePage 65001
DefaultFileSystemCodePage 65001
DefaultRTLFileSystemCodePage 65001
ImageMagick: libMagickWand-6.Q16.so.7
Starting GuiMessageQueue
Starting Double Commander
Double Commander 1.1.11 beta
Revision: 410
Commit: f1b449635
Build: 2024/04/01
Lazarus: 3.0.0.3
Free Pascal: 3.2.2
Platform: x86_64-Linux-qt5
System: Ubuntu 24.04.2 LTS
Desktop Environment: Xfce
Widgetset library: Qt 5.15.13, libQt5Pas 5.6.1
This program is free software released under terms of GNU GPL 2
Copyright (C) 2006-2024 Alexander Koblov
   and contributors (see about dialog)
Executable directory: /usr/lib/doublecmd/
Configuration directory: /home/cool29/.config/doublecmd
Global configuration directory: /usr/lib/doublecmd/settings/
Loading configuration from /home/cool29/.config/doublecmd/
Error loading configuration file /home/cool29/.config/doublecmd/favoritetabs.xml
PollThread: Start polling
PollThread: AddPoll 21
Creating PixmapManager
Loading icon theme DCThe2025-04-30 08:01:11,863 [ 529108]   WARN - #com.github.shubham076.themes.listeners.MyApplicationActivationListener - Don't forget to remove all non-needed sample code files with their corresponding registration entries in `plugin.xml`.
2025-04-30 08:01:12,021 [ 529266]   WARN - #com.github.shubham076.themes.listeners.MyApplicationActivationListener - Don't forget to remove all non-needed sample code files with their corresponding registration entries in `plugin.xml`.
2025-04-30 08:01:12,085 [ 529330]   WARN - #com.github.shubham076.themes.listeners.MyApplicationActivationListener - Don't forget to remove all non-needed sample code files with their corresponding registration entries in `plugin.xml`.
me
TColumnsFileView.Create components
Creating TFileSystemFileSource
TColumnsFileView.Create components
FileSystemWatcher thread starting
PollThread: AddPoll 28
UDev: Begin monitoring
Detecting mounts through /proc/self/mounts
PollThread: AddPoll 29
frmMain.frmMainShow
Saving configuration
PollThread: RemovePoll 21
PollThread: AddPoll 21
Finished Double Commander
Destroying main form
Drive watcher finished
Waiting for FileSystemWatcher thread
FileSystemWatcher thread finished
Main form destroyed
Waiting for2025-04-30 08:01:15,881 [ 533126]   WARN - #com.github.shubham076.themes.listeners.MyApplicationActivationListener - Don't forget to remove all non-needed sample code files with their corresponding registration entries in `plugin.xml`.
 workers thread 000000001B92FEE8
Finalized workers thread   000000001B92FEE8
Waiting for workers thread 000000001B945608
Finalized workers thread   000000001B945608
Destroying TFileSystemFileSource when refcount=0
SystemLocale C
SystemLanguage C.UTF-8
SystemEncoding UTF-8
DefaultSystemCodePage 65001
DefaultFileSystemCodePage 65001
DefaultRTLFileSystemCodePage 65001
ImageMagick: libMagickWand-6.Q16.so.7
Starting GuiMessageQueue
Starting Double Commander
Double Commander 1.1.11 beta
Revision: 410
Commit: f1b449635
Build: 2024/04/01
Lazarus: 3.0.0.3
Free Pascal: 3.2.2
Platform: x86_64-Linux-qt5
System: Ubuntu 24.04.2 LTS
Desktop Environment: Xfce
Widgetset library: Qt 5.15.13, libQt5Pas 5.6.1
This program is free software released under terms of GNU GPL 2
Copyright (C) 2006-2024 Alexander Koblov
   and contributors (see about dialog)
Executable directory: /usr/lib/doublecmd/
Configuration directory: /home/cool29/.config/doublecmd
Global configuration directory: /usr/lib/doublecmd/settings/
Loading configuration from /home/cool29/.config/doublecmd/
Error loading configuration file /home/cool29/.config/doublecmd/favoritetabs.xml
PollThread: Start polling
PollThread: AddPoll 21
Creating PixmapManager
Loading icon theme DCThe2025-04-30 08:01:19,200 [ 536445]   WARN - #com.github.shubham076.themes.listeners.MyApplicationActivationListener - Don't forget to remove all non-needed sample code files with their corresponding registration entries in `plugin.xml`.
2025-04-30 08:01:19,339 [ 536584]   WARN - #com.github.shubham076.themes.listeners.MyApplicationActivationListener - Don't forget to remove all non-needed sample code files with their corresponding registration entries in `plugin.xml`.
me
TColumnsFileView.Create components
Creating TFileSystemFileSource
TColumnsFileView.Create components
FileSystemWatcher thread starting
PollThread: AddPoll 28
UDev: Begin monitoring
Detecting mounts through /proc/self/mounts
PollThread: AddPoll 29
frmMai2025-04-30 08:01:20,298 [ 537543]   WARN - #com.github.shubham076.themes.listeners.MyApplicationActivationListener - Don't forget to remove all non-needed sample code files with their corresponding registration entries in `plugin.xml`.
n.frmMainShow
Saving configuration
PollThread: RemovePoll 21
PollThread: AddPoll 21
Finished Double Commander
Destroying main form
Drive watcher finished
Waiting for FileSystemWatcher thread
FileSystemWatcher thread finished
Main form destroyed
Waiting for workers thread 000000001DEA38E8
Finalized workers thread   000000001DEA38E8
Waiting for workers thread 000000001DE891E8
Finalized workers thread   000000001DE891E8
Destroying TFileSystemFileSource when refcount=0
2025-04-30 08:01:28,740 [ 545985]   WARN - #com.github.shubham076.themes.listeners.MyApplicationActivationListener - Don't forget to remove all non-needed sample code files with their corresponding registration entries in `plugin.xml`.
2025-04-30 08:01:29,931 [ 547176]   WARN - #com.github.shubham076.themes.listeners.MyApplicationActivationListener - Don't forget to remove all non-needed sample code files with their corresponding registration entries in `plugin.xml`.
2025-04-30 08:01:31,301 [ 548546]   WARN - #com.github.shubham076.themes.listeners.MyApplicationActivationListener - Don't forget to remove all non-needed sample code files with their corresponding registration entries in `plugin.xml`.
2025-04-30 08:01:32,774 [ 550019]   WARN - #com.github.shubham076.themes.listeners.MyApplicationActivationListener - Don't forget to remove all non-needed sample code files with their corresponding registration entries in `plugin.xml`.
2025-04-30 08:04:21,498 [ 718743]   WARN - #com.github.shubham076.themes.listeners.MyApplicationActivationListener - Don't forget to remove all non-needed sample code files with their corresponding registration entries in `plugin.xml`.
2025-04-30 08:08:57,948 [ 995193]   WARN - #com.github.shubham076.themes.listeners.MyApplicationActivationListener - Don't forget to remove all non-needed sample code files with their corresponding registration entries in `plugin.xml`.
Initialize logger: level=10 file='/home/cool29/jcef_940402.log'
2025-04-30 08:09:37,159 [1034404]   WARN - #com.github.shubham076.themes.listeners.MyApplicationActivationListener - Don't forget to remove all non-needed sample code files with their corresponding registration entries in `plugin.xml`.
Окно или вкладка откроются в текущем сеансе браузера.
2025-04-30 08:09:51,468 [1048713]   WARN - #com.github.shubham076.themes.listeners.MyApplicationActivationListener - Don't forget to remove all non-needed sample code files with their corresponding registration entries in `plugin.xml`.
